SEASON_ID,PLAYER_NAME,TEAM_ABBREVIATION,GP,MIN,FGM,FGA,FG_PCT,FG3M,FG3A,FG3_PCT,FTM,FTA,FT_PCT,OREB,DREB,REB,AST,STL,BLK,TOV,PF,PTS,PLAYER_ID
2014-15,A.J. Price,CLE,26,323.49,51,137,0.372,15,57,0.263,16,24,0.667,6,26,32,46,7,0,14,15,133,201985
2014-15,Aaron Brooks,CHI,82,1884.6183333333333,344,817,0.421,121,313,0.387,145,174,0.833,32,134,166,261,54,15,157,189,954,201166
2014-15,Aaron Gordon,ORL,47,796.925,93,208,0.447,13,48,0.271,44,61,0.721,46,123,169,33,21,22,38,83,243,203932
2014-15,Adreian Payne,MIN,32,739.6216666666667,91,220,0.414,1,9,0.111,30,46,0.652,48,114,162,30,19,9,44,88,213,203940
2014-15,Al Horford,ATL,76,2318.175,519,965,0.538,11,36,0.306,107,141,0.759,131,413,544,244,68,98,100,121,1156,201143
2014-15,Al Jefferson,CHA,65,1991.825,486,1010,0.481,2,5,0.4,108,165,0.655,99,449,548,113,47,84,68,139,1082,2744
2014-15,Al-Farouq Aminu,DAL,74,1365.7366666666667,147,357,0.412,34,124,0.274,84,118,0.712,114,228,342,59,70,62,55,137,412,202329
2014-15,Alan Anderson,BKN,74,1744.3316666666667,195,440,0.443,73,210,0.348,82,101,0.812,31,173,204,83,56,5,60,148,545,101187
2014-15,Alec Burks,UTA,27,899.055,121,300,0.403,26,68,0.382,106,129,0.822,19,95,114,82,17,5,52,64,374,202692
2014-15,Alex Kirk,CLE,5,13.985,1,4,0.25,0,0,0.0,2,2,1.0,1,0,1,1,0,0,0,1,4,203945
2014-15,Alex Len,PHX,69,1518.0,179,353,0.507,1,3,0.333,73,104,0.702,142,312,454,32,34,105,74,213,432,203458
2014-15,Alexey Shved,NYK,42,767.24,133,335,0.397,47,139,0.338,121,150,0.807,23,76,99,106,30,6,48,48,434,203144
2014-15,Alexis Ajinca,NOP,68,956.52,181,329,0.55,0,0,0.0,81,99,0.818,104,211,315,47,21,51,69,151,443,201582
2014-15,Allen Crabbe,POR,51,682.9983333333333,63,153,0.412,30,85,0.353,12,16,0.75,7,66,73,39,19,15,15,74,168,203459
2014-15,Alonzo Gee,POR,54,661.4866666666667,87,186,0.468,13,35,0.371,54,77,0.701,37,57,94,25,35,7,33,58,241,202087
2014-15,Amar'e Stoudemire,DAL,59,1244.4116666666666,273,490,0.557,0,4,0.0,134,186,0.72,110,219,329,45,29,38,78,161,680,2405
2014-15,Amir Johnson,TOR,75,1978.75,298,519,0.574,19,46,0.413,79,129,0.612,159,297,456,117,44,59,110,225,694,101161
2014-15,Anderson Varejao,CLE,26,635.5516666666666,111,200,0.555,0,2,0.0,33,45,0.733,57,113,170,35,19,16,35,58,255,2760
2014-15,Andre Dawkins,MIA,4,21.678333333333335,1,6,0.167,1,6,0.167,0,0,0.0,0,2,2,1,0,0,1,3,3,203958
2014-15,Andre Drummond,DET,82,2501.8633333333332,494,961,0.514,0,2,0.0,142,365,0.389,437,667,1104,55,73,153,120,285,1130,203083
2014-15,Andre Iguodala,GSW,77,2068.5933333333332,231,496,0.466,74,212,0.349,68,114,0.596,44,213,257,228,89,25,88,100,604,2738
2014-15,Andre Miller,SAC,81,1253.5716666666667,145,290,0.5,7,34,0.206,58,77,0.753,37,116,153,284,32,6,104,103,355,1889
2014-15,Andre Roberson,OKC,67,1286.1633333333334,92,201,0.458,21,85,0.247,23,48,0.479,60,195,255,70,53,29,46,141,228,203460
2014-15,Andrea Bargnani,NYK,29,785.3116666666666,164,361,0.454,15,41,0.366,87,107,0.813,32,95,127,46,2,27,42,53,430,200745
2014-15,Andrei Kirilenko,BKN,7,36.39666666666667,0,5,0.0,0,0,0.0,3,4,0.75,2,6,8,1,1,0,1,1,3,1905
2014-15,Andrew Bogut,GSW,67,1582.5,200,355,0.563,0,0,0.0,22,42,0.524,141,402,543,180,39,113,106,188,422,101106
2014-15,Andrew Nicholson,ORL,40,492.0966666666667,83,190,0.437,13,41,0.317,15,25,0.6,17,65,82,22,6,12,24,51,194,203094
2014-15,Andrew Wiggins,MIN,82,2968.7966666666666,497,1137,0.437,39,126,0.31,354,466,0.76,134,240,374,170,86,50,177,190,1387,203952
2014-15,Anthony Bennett,MIN,57,894.025,125,297,0.421,7,23,0.304,41,64,0.641,52,164,216,48,27,16,36,87,298,203461
2014-15,Anthony Davis,NOP,68,2454.695,642,1199,0.535,1,12,0.083,371,461,0.805,173,523,696,149,100,200,95,141,1656,203076
2014-15,Anthony Morrow,OKC,74,1805.58,285,615,0.463,141,325,0.434,79,89,0.888,40,155,195,60,54,11,38,135,790,201627
2014-15,Anthony Tolliver,DET,76,1432.7683333333334,161,393,0.41,106,290,0.366,54,69,0.783,51,185,236,59,24,16,51,137,482,201229
2014-15,Archie Goodwin,PHX,41,534.765,79,201,0.393,12,41,0.293,61,83,0.735,27,47,74,44,18,9,48,55,231,203462
2014-15,Arinze Onuaku,MIN,6,68.25833333333334,12,14,0.857,0,0,0.0,3,8,0.375,7,14,21,4,1,3,2,6,27,202620
2014-15,Aron Baynes,SAS,70,1122.3233333333333,185,327,0.566,1,4,0.25,90,104,0.865,109,209,318,35,16,22,65,162,461,203382
2014-15,Arron Afflalo,POR,78,2501.5983333333334,375,884,0.424,118,333,0.354,167,198,0.843,27,220,247,129,41,7,116,167,1035,201167
2014-15,Austin Daye,ATL,34,343.99333333333334,50,141,0.355,24,71,0.338,5,6,0.833,10,65,75,17,12,5,23,39,129,201948
2014-15,Austin Rivers,LAC,76,1563.0066666666667,203,496,0.409,39,131,0.298,85,126,0.675,27,125,152,155,48,14,65,146,530,203085
2014-15,Avery Bradley,BOS,77,2427.58,434,1013,0.428,124,352,0.352,79,100,0.79,46,195,241,135,82,15,109,177,1071,202340
2014-15,Ben Gordon,ORL,56,790.3716666666667,129,295,0.437,35,97,0.361,56,67,0.836,6,57,63,50,14,1,55,60,349,2732
2014-15,Ben McLemore,SAC,82,2670.108333333333,363,831,0.437,140,391,0.358,130,160,0.813,31,210,241,140,77,19,138,219,996,203463
2014-15,Beno Udrih,MEM,79,1494.65,246,505,0.487,26,97,0.268,87,102,0.853,20,123,143,220,46,8,89,88,605,2757
2014-15,Bernard James,DAL,16,157.65333333333334,12,27,0.444,0,0,0.0,20,23,0.87,18,21,39,4,2,15,6,17,44,203108
2014-15,Bismack Biyombo,CHA,64,1243.05,101,186,0.543,0,0,0.0,102,175,0.583,159,248,407,16,18,99,52,140,304,202687
2014-15,Blake Griffin,LAC,67,2355.7716666666665,574,1144,0.502,10,25,0.4,311,427,0.728,126,382,508,354,63,35,152,196,1469,201933
2014-15,Bojan Bogdanovic,BKN,78,1853.7916666666667,261,576,0.453,91,256,0.355,87,106,0.821,50,163,213,68,34,9,78,104,700,202711
2014-15,Boris Diaw,SAS,81,1984.3,291,632,0.46,54,169,0.32,72,93,0.774,78,270,348,233,36,23,126,148,708,2564
2014-15,Bradley Beal,WAS,63,2107.4533333333334,363,851,0.427,106,259,0.409,130,166,0.783,57,184,241,194,76,18,123,136,962,203078
2014-15,Brandan Wright,PHX,75,1448.5733333333333,233,363,0.642,0,3,0.0,78,112,0.696,128,193,321,41,50,94,34,102,544,201148
2014-15,Brandon Bass,BOS,82,1928.765,344,683,0.504,9,32,0.281,169,214,0.79,139,259,398,104,41,32,83,140,866,101138
2014-15,Brandon Davies,PHI,27,422.845,55,137,0.401,8,34,0.235,24,37,0.649,38,45,83,30,18,7,29,59,142,203561
2014-15,Brandon Jennings,DET,41,1172.8066666666666,218,543,0.401,76,211,0.36,120,143,0.839,21,83,104,272,44,4,90,64,632,201943
2014-15,Brandon Knight,PHX,63,2035.1916666666666,375,888,0.422,125,321,0.389,195,223,0.874,28,216,244,330,90,10,189,114,1070,202688
2014-15,Brandon Rush,GSW,33,271.06333333333333,11,54,0.204,3,27,0.111,5,11,0.455,4,37,41,12,5,12,11,27,30,201575
2014-15,Brendan Haywood,CLE,22,119.03,14,30,0.467,0,0,0.0,7,13,0.538,6,23,29,2,2,10,10,17,35,2217
2014-15,Brian Roberts,CHA,72,1329.92,176,452,0.389,62,193,0.321,66,74,0.892,13,96,109,162,33,6,57,75,480,203148
2014-15,Brook Lopez,BKN,72,2100.338333333333,506,987,0.513,1,10,0.1,223,274,0.814,214,321,535,50,43,126,104,206,1236,201572
2014-15,Bruno Caboclo,TOR,8,23.416666666666668,4,12,0.333,2,3,0.667,0,0,0.0,1,1,2,0,0,1,4,3,10,203998
2014-15,Bryce Cotton,UTA,15,159.38666666666666,29,69,0.42,7,20,0.35,15,18,0.833,3,15,18,15,4,0,12,6,80,203955
2014-15,CJ McCollum,POR,62,973.0983333333334,159,365,0.436,55,139,0.396,51,73,0.699,14,77,91,64,43,8,48,81,424,203468
2014-15,CJ Miles,IND,70,1841.095,329,827,0.398,154,446,0.345,130,161,0.807,18,196,214,75,60,26,73,132,942,101139
2014-15,CJ Watson,IND,57,1421.9683333333332,181,417,0.434,70,175,0.4,138,167,0.826,18,145,163,208,57,9,100,107,570,201228
2014-15,CJ Wilcox,LAC,21,100.55,16,38,0.421,7,19,0.368,2,2,1.0,1,6,7,8,3,1,10,7,41,203912
2014-15,Cameron Bairstow,CHI,18,63.531666666666666,3,14,0.214,0,0,0.0,4,5,0.8,6,2,8,1,2,1,3,8,10,203946
2014-15,Carl Landry,SAC,70,1191.6966666666667,190,369,0.515,0,0,0.0,123,150,0.82,99,169,268,26,15,17,54,132,503,201171
2014-15,Carlos Boozer,LAL,71,1691.71,371,743,0.499,0,0,0.0,94,150,0.627,111,371,482,95,41,12,92,184,836,2430
2014-15,Carmelo Anthony,NYK,40,1427.6416666666667,358,806,0.444,61,179,0.341,189,237,0.797,72,192,264,122,40,17,89,87,966,2546
2014-15,Caron Butler,DET,78,1623.4583333333333,161,396,0.407,83,219,0.379,55,61,0.902,21,175,196,79,43,4,49,120,460,2406
2014-15,Cartier Martin,DET,23,198.20666666666668,15,53,0.283,6,33,0.182,0,0,0.0,0,20,20,11,3,1,5,20,36,201858
2014-15,Chandler Parsons,DAL,66,2186.225,383,829,0.462,132,347,0.38,139,193,0.72,64,259,323,161,69,19,96,140,1037,202718
2014-15,Channing Frye,ORL,75,1869.8333333333333,191,487,0.392,136,346,0.393,31,35,0.886,27,266,293,94,47,39,78,191,549,101112
2014-15,Charles Hayes,TOR,29,255.35166666666666,22,46,0.478,0,0,0.0,6,11,0.545,18,33,51,20,10,4,8,37,50,101236
2014-15,Charlie Villanueva,DAL,64,678.1,150,362,0.414,83,221,0.376,20,35,0.571,30,119,149,19,15,22,28,64,403,101111
2014-15,Chase Budinger,MIN,67,1285.7966666666666,169,390,0.433,52,143,0.364,67,81,0.827,33,165,198,64,44,10,49,72,457,201978
2014-15,Chris Andersen,MIA,60,1131.6933333333334,120,207,0.58,4,13,0.308,76,114,0.667,76,223,299,43,26,61,40,88,320,2365
2014-15,Chris Bosh,MIA,44,1555.9816666666666,343,745,0.46,63,168,0.375,179,232,0.772,46,264,310,95,41,25,95,69,928,2547
2014-15,Chris Copeland,IND,50,827.5183333333333,112,310,0.361,52,167,0.311,33,45,0.733,23,88,111,51,11,11,59,78,309,203142
2014-15,Chris Douglas-Roberts,LAC,12,102.53833333333333,5,21,0.238,1,7,0.143,8,8,1.0,1,11,12,4,1,0,0,14,19,201604
2014-15,Chris Johnson,UTA,29,526.6316666666667,62,154,0.403,28,95,0.295,14,16,0.875,8,47,55,15,26,7,15,44,166,203187
2014-15,Chris Kaman,POR,74,1398.1383333333333,283,549,0.515,0,0,0.0,72,102,0.706,149,335,484,65,18,54,108,140,638,2549
2014-15,Chris Paul,LAC,82,2857.2433333333333,568,1170,0.485,139,349,0.398,289,321,0.9,52,324,376,838,156,15,190,203,1564,101108
2014-15,Cleanthony Early,NYK,39,647.0333333333333,76,214,0.355,22,84,0.262,36,48,0.75,22,75,97,36,24,12,40,57,210,203921
2014-15,Clint Capela,HOU,12,89.63833333333334,14,29,0.483,0,0,0.0,4,23,0.174,10,26,36,2,1,9,5,14,32,203991
2014-15,Cody Zeller,CHA,62,1486.685,172,373,0.461,1,1,1.0,127,164,0.774,97,265,362,100,34,49,62,156,472,203469
2014-15,Cole Aldrich,NYK,61,976.2983333333333,144,301,0.478,0,0,0.0,50,64,0.781,101,237,338,75,37,65,59,122,338,202332
2014-15,Corey Brewer,HOU,80,2087.385,343,805,0.426,63,235,0.268,168,226,0.743,80,217,297,173,113,19,131,173,917,201147
2014-15,Cory Jefferson,BKN,50,531.1166666666667,75,167,0.449,2,15,0.133,31,54,0.574,47,98,145,16,10,21,20,61,183,203928
2014-15,Cory Joseph,SAS,79,1443.655,207,411,0.504,16,44,0.364,105,143,0.734,44,148,192,188,46,17,67,105,535,202709
2014-15,Courtney Lee,MEM,77,2354.46,288,643,0.448,90,224,0.402,111,129,0.86,21,157,178,151,75,12,78,129,777,201584
2014-15,D.J. Augustin,OKC,82,1963.785,258,647,0.399,83,246,0.337,178,205,0.868,20,141,161,353,49,3,145,93,777,201571
2014-15,Dahntay Jones,LAC,33,123.33,6,21,0.286,0,4,0.0,9,11,0.818,1,10,11,2,3,0,1,23,21,2563
2014-15,Damian Lillard,POR,82,2924.565,590,1360,0.434,196,572,0.343,344,398,0.864,49,329,378,507,97,21,222,164,1720,203081
2014-15,Damjan Rudez,IND,68,1047.395,119,263,0.452,69,170,0.406,16,23,0.696,8,39,47,53,16,5,47,79,323,204014
2014-15,Danilo Gallinari,DEN,59,1425.7333333333333,228,568,0.401,107,301,0.355,171,191,0.895,31,187,218,83,47,20,57,94,734,201568
2014-15,Danny Granger,PHX,30,612.7416666666667,65,162,0.401,30,84,0.357,28,37,0.757,20,60,80,17,13,6,24,67,188,101122
2014-15,Danny Green,SAS,81,2311.355,322,738,0.436,191,457,0.418,111,127,0.874,54,289,343,158,101,87,93,163,946,201980
2014-15,Dante Cunningham,NOP,66,1652.1783333333333,155,339,0.457,1,10,0.1,29,47,0.617,70,186,256,50,46,37,35,101,340,201967
2014-15,Dante Exum,UTA,82,1817.0683333333334,145,416,0.349,83,264,0.314,20,32,0.625,27,104,131,198,41,14,118,147,393,203957
2014-15,Darius Miller,NOP,5,43.36666666666667,1,7,0.143,0,1,0.0,0,0,0.0,0,1,1,2,1,0,1,8,2,203121
2014-15,Darius Morris,BKN,38,299.22833333333335,36,106,0.34,7,33,0.212,4,9,0.444,7,20,27,48,9,0,21,20,83,202721
2014-15,Darrell Arthur,DEN,58,987.79,155,384,0.404,26,110,0.236,46,59,0.78,53,118,171,57,48,26,47,146,382,201589
2014-15,Darren Collison,SAC,45,1564.7233333333334,260,550,0.473,60,161,0.373,145,184,0.788,19,124,143,252,67,14,112,95,725,201954
2014-15,David Lee,GSW,49,904.3566666666667,160,313,0.511,0,2,0.0,68,104,0.654,81,176,257,85,31,26,49,83,388,101135
2014-15,David Stockton,SAC,3,33.083333333333336,2,6,0.333,1,2,0.5,3,6,0.5,0,2,2,9,2,0,4,1,8,204065
2014-15,David Wear,SAC,2,6.966666666666667,0,2,0.0,0,1,0.0,0,0,0.0,2,0,2,1,0,0,0,1,0,204033
2014-15,David West,IND,66,1895.3266666666666,323,686,0.471,4,20,0.2,119,161,0.739,108,341,449,223,48,48,120,160,769,2561
2014-15,DeAndre Jordan,LAC,82,2819.963333333333,379,534,0.71,1,4,0.25,187,471,0.397,397,829,1226,61,81,183,109,245,946,201599
2014-15,DeJuan Blair,WAS,29,180.66833333333332,26,57,0.456,0,0,0.0,4,6,0.667,16,40,56,3,7,1,13,41,56,201971
2014-15,DeMar DeRozan,TOR,60,2100.305,409,990,0.413,25,88,0.284,361,434,0.832,41,236,277,210,73,11,137,122,1204,201942
2014-15,DeMarcus Cousins,SAC,59,2013.235,498,1066,0.467,2,8,0.25,423,541,0.782,185,562,747,210,90,103,254,241,1421,202326
2014-15,DeMarre Carroll,ATL,70,2188.5816666666665,318,653,0.487,120,304,0.395,127,181,0.702,99,273,372,118,94,17,75,154,883,201960
2014-15,Dennis Schroder,ATL,77,1516.04,284,665,0.427,52,148,0.351,148,179,0.827,29,135,164,317,49,4,150,127,768,203471
2014-15,Deron Williams,BKN,68,2114.02,298,771,0.387,87,237,0.367,201,241,0.834,29,208,237,448,64,17,154,157,884,101114
2014-15,Derrick Favors,UTA,74,2279.51,482,918,0.525,1,6,0.167,222,332,0.669,196,411,607,112,60,123,121,210,1187,202324
2014-15,Derrick Rose,CHI,51,1529.8816666666667,338,835,0.405,76,271,0.28,152,187,0.813,35,126,161,251,36,16,161,63,904,201565
2014-15,Derrick Williams,SAC,74,1461.6666666666667,217,485,0.447,49,156,0.314,134,196,0.684,41,161,202,50,34,4,56,67,617,202682
2014-15,Devin Harris,DAL,76,1685.15,219,524,0.418,95,266,0.357,132,162,0.815,13,122,135,237,78,14,85,147,665,2734
2014-15,Devyn Marble,ORL,16,208.16166666666666,14,44,0.318,4,22,0.182,5,16,0.313,5,26,31,17,9,2,9,14,37,203906
2014-15,Dewayne Dedmon,ORL,59,844.9316666666666,91,162,0.562,0,1,0.0,34,64,0.531,118,177,295,9,16,50,51,141,216,203473
2014-15,Dion Waiters,OKC,80,2207.9783333333335,375,946,0.396,73,246,0.297,117,172,0.68,41,151,192,163,90,21,113,155,940,203079
2014-15,Dirk Nowitzki,DAL,77,2281.6266666666666,487,1062,0.459,104,274,0.38,255,289,0.882,44,413,457,143,39,33,82,160,1333,1717
2014-15,Donald Sloan,IND,53,1106.74,145,355,0.408,41,131,0.313,60,77,0.779,12,131,143,190,23,0,65,47,391,202388
2014-15,Donatas Motiejunas,HOU,71,2036.9683333333332,353,700,0.504,49,133,0.368,100,166,0.602,137,284,421,130,56,34,123,203,855,202700
2014-15,Dorell Wright,POR,48,592.4866666666667,72,190,0.379,41,108,0.38,34,42,0.81,14,97,111,41,20,11,18,55,219,2748
2014-15,Doug McDermott,CHI,36,320.85,43,107,0.402,13,41,0.317,10,15,0.667,6,37,43,6,4,1,17,29,109,203926
2014-15,Draymond Green,GSW,79,2489.991666666667,339,765,0.443,111,329,0.337,132,200,0.66,114,533,647,291,123,99,133,253,921,203110
2014-15,Drew Gooden,WAS,51,863.9966666666667,110,276,0.399,23,59,0.39,34,44,0.773,72,151,223,49,21,9,28,91,277,2400
2014-15,Drew Gordon,PHI,9,71.185,8,19,0.421,0,3,0.0,1,2,0.5,7,11,18,2,1,0,8,7,17,204079
2014-15,Dwight Buycks,LAL,6,122.72833333333334,18,40,0.45,7,11,0.636,9,10,0.9,2,10,12,14,3,0,12,3,52,202779
2014-15,Dwight Howard,HOU,41,1222.7733333333333,251,423,0.593,1,2,0.5,143,271,0.528,110,321,431,50,28,53,115,137,646,2730
2014-15,Dwight Powell,DAL,29,236.35166666666666,31,67,0.463,3,11,0.273,25,33,0.758,18,32,50,9,9,6,11,40,90,203939
2014-15,Dwyane Wade,MIA,62,1970.9266666666667,509,1084,0.47,29,102,0.284,284,370,0.768,58,161,219,299,73,21,209,105,1331,2548
2014-15,E'Twaun Moore,CHI,56,504.28833333333336,62,139,0.446,13,38,0.342,12,20,0.6,12,34,46,33,20,6,14,45,149,202734
2014-15,Earl Barron,PHX,16,142.83833333333334,12,39,0.308,2,4,0.5,6,12,0.5,14,14,28,5,4,2,5,26,32,2853
2014-15,Earl Clark,BKN,10,93.11666666666666,11,30,0.367,4,14,0.286,1,4,0.25,1,22,23,3,3,4,6,12,27,201947
2014-15,Ed Davis,LAL,79,1840.0333333333333,282,469,0.601,0,0,0.0,92,189,0.487,230,370,600,94,49,98,58,202,656,202334
2014-15,Ekpe Udoh,LAC,33,128.43333333333334,11,24,0.458,0,0,0.0,7,9,0.778,7,19,26,8,8,7,7,20,29,202327
2014-15,Elfrid Payton,ORL,82,2488.8366666666666,301,708,0.425,11,42,0.262,118,214,0.551,107,242,349,533,142,20,203,193,731,203901
2014-15,Elijah Millsap,UTA,47,923.605,81,238,0.34,28,90,0.311,58,86,0.674,28,122,150,58,56,16,67,124,248,202407
2014-15,Elliot Williams,PHI,13,118.73833333333333,14,37,0.378,8,18,0.444,1,4,0.25,0,8,8,12,4,0,4,12,37,202343
2014-15,Elton Brand,ATL,36,485.60833333333335,42,95,0.442,0,1,0.0,12,23,0.522,28,72,100,22,17,25,18,54,96,1882
2014-15,Enes Kanter,OKC,75,2135.673333333333,482,928,0.519,16,45,0.356,183,234,0.782,277,394,671,55,36,29,145,189,1163,202683
2014-15,Eric Bledsoe,PHX,81,2799.64,468,1046,0.447,88,272,0.324,353,441,0.8,72,351,423,493,127,45,274,189,1377,202339
2014-15,Eric Gordon,NOP,61,2018.1116666666667,285,694,0.411,141,315,0.448,107,133,0.805,28,131,159,229,50,14,122,145,818,201569
2014-15,Eric Moreland,SAC,3,2.078333333333333,1,1,1.0,0,0,0.0,0,0,0.0,0,1,1,0,0,0,0,1,2,203961
2014-15,Erick Green,DEN,43,409.8883333333333,61,162,0.377,14,47,0.298,10,12,0.833,7,24,31,39,12,0,14,26,146,203475
2014-15,Ersan Ilyasova,MIL,58,1318.99,263,557,0.472,74,190,0.389,69,107,0.645,80,197,277,56,36,19,45,149,669,101141
2014-15,Evan Fournier,ORL,58,1661.14,253,575,0.44,85,225,0.378,107,147,0.728,28,125,153,120,40,2,82,116,698,203095
2014-15,Evan Turner,BOS,82,2259.8333333333335,320,746,0.429,33,119,0.277,106,141,0.752,40,377,417,449,83,19,198,180,779,202323
2014-15,Festus Ezeli,GSW,46,503.625,76,139,0.547,0,0,0.0,49,78,0.628,60,95,155,9,7,42,32,77,201,203105
2014-15,Francisco Garcia,HOU,14,200.40166666666667,17,63,0.27,10,45,0.222,1,4,0.25,3,14,17,15,9,5,10,20,45,101128
2014-15,Furkan Aldemir,PHI,41,540.5316666666666,40,78,0.513,0,5,0.0,13,27,0.481,78,98,176,28,17,16,17,96,93,203128
2014-15,Gal Mekel,DAL,4,43.48166666666667,3,20,0.15,0,3,0.0,0,0,0.0,0,1,1,13,2,0,2,1,6,203539
2014-15,Garrett Temple,WAS,52,735.4633333333334,68,170,0.4,33,88,0.375,35,48,0.729,24,66,90,56,42,9,34,76,204,202066
2014-15,Gary Harris,DEN,55,718.8233333333334,66,217,0.304,21,103,0.204,35,47,0.745,21,43,64,29,39,7,38,71,188,203914
2014-15,Gary Neal,MIN,54,1192.3266666666666,188,503,0.374,50,164,0.305,117,135,0.867,14,115,129,100,23,1,65,88,543,202390
2014-15,George Hill,IND,43,1267.1283333333333,255,535,0.477,69,193,0.358,113,143,0.79,25,154,179,220,44,14,69,111,692,201588
2014-15,Gerald Green,PHX,74,1446.1833333333334,324,778,0.416,137,387,0.354,99,120,0.825,33,153,186,91,42,12,104,145,884,101123
2014-15,Gerald Henderson,CHA,80,2315.0716666666667,370,847,0.437,45,136,0.331,184,217,0.848,36,237,273,206,51,22,110,135,969,201945
2014-15,Gerald Wallace,BOS,32,286.1483333333333,14,34,0.412,1,3,0.333,6,15,0.4,17,40,57,11,15,4,18,19,35,2222
2014-15,Giannis Antetokounmpo,MIL,81,2540.59,383,780,0.491,7,44,0.159,257,347,0.741,100,442,542,207,73,85,173,254,1030,203507
2014-15,Gigi Datome,BOS,21,209.21833333333333,43,89,0.483,18,40,0.45,1,1,1.0,3,26,29,9,2,7,9,15,105,203540
2014-15,Glen Davis,LAC,74,903.9883333333333,117,255,0.459,0,4,0.0,60,95,0.632,43,126,169,39,41,21,39,132,294,201175
2014-15,Glen Rice Jr.,WAS,5,42.60333333333333,3,15,0.2,1,7,0.143,4,6,0.667,2,2,4,2,0,0,2,11,11,203318
2014-15,Glenn Robinson,PHI,35,260.78833333333336,26,67,0.388,5,19,0.263,16,24,0.667,15,24,39,11,6,1,11,15,73,203922
2014-15,Goran Dragic,MIA,78,2639.99,502,1002,0.501,90,259,0.347,181,234,0.774,81,193,274,350,78,15,173,195,1275,201609
2014-15,Gordon Hayward,UTA,76,2617.51,484,1087,0.445,120,330,0.364,375,462,0.812,54,319,373,313,108,30,206,131,1463,202330
2014-15,Gorgui Dieng,MIN,73,2193.26,259,512,0.506,1,6,0.167,191,244,0.783,223,386,609,146,71,126,126,188,710,203476
2014-15,Grant Jerrett,UTA,8,50.931666666666665,7,26,0.269,1,15,0.067,1,1,1.0,2,7,9,3,2,2,3,11,16,203511
2014-15,Greg Monroe,DET,69,2137.1966666666667,423,853,0.496,0,0,0.0,252,336,0.75,229,475,704,142,78,34,149,148,1098,202328
2014-15,Greg Smith,DAL,42,362.8383333333333,30,49,0.612,0,0,0.0,20,39,0.513,26,53,79,9,7,11,11,53,80,202962
2014-15,Greg Stiemsma,TOR,17,65.60166666666667,6,8,0.75,0,0,0.0,2,4,0.5,9,6,15,3,2,0,7,15,14,201880
2014-15,Greivis Vasquez,TOR,82,1990.6116666666667,296,725,0.408,133,351,0.379,50,66,0.758,22,194,216,302,46,10,119,177,775,202349
2014-15,Harrison Barnes,GSW,82,2318.3316666666665,316,656,0.482,87,215,0.405,108,150,0.72,117,336,453,116,61,19,71,146,827,203084
2014-15,Hassan Whiteside,MIA,48,1142.2066666666667,243,387,0.628,0,0,0.0,78,156,0.5,145,337,482,6,27,123,58,129,564,202355
2014-15,Hedo Turkoglu,LAC,62,704.6583333333333,83,188,0.441,60,139,0.432,6,11,0.545,5,94,99,37,19,7,29,66,232,2045
2014-15,Henry Sims,PHI,73,1398.5616666666667,238,502,0.474,4,22,0.182,106,137,0.774,121,238,359,79,39,30,99,135,586,203156
2014-15,Henry Walker,MIA,24,627.5483333333333,58,168,0.345,45,132,0.341,14,18,0.778,7,75,82,29,24,9,24,76,175,201611
2014-15,Hollis Thompson,PHI,71,1775.7,224,543,0.413,115,287,0.401,63,89,0.708,53,145,198,85,57,26,66,141,626,203138
2014-15,Ian Clark,DEN,30,192.19166666666666,19,55,0.345,10,30,0.333,9,9,1.0,4,12,16,12,9,3,9,20,57,203546
2014-15,Ian Mahinmi,IND,61,1145.835,117,212,0.552,0,0,0.0,31,102,0.304,105,251,356,33,30,46,59,172,265,101133
2014-15,Iman Shumpert,CLE,62,1544.5966666666666,193,471,0.41,67,196,0.342,43,64,0.672,55,169,224,135,81,16,91,138,496,202697
2014-15,Isaiah Canaan,PHI,47,937.9383333333334,146,378,0.386,91,246,0.37,49,60,0.817,18,69,87,98,29,3,62,83,432,203477
2014-15,Isaiah Thomas,BOS,67,1726.055,335,796,0.421,129,346,0.373,302,348,0.868,33,120,153,284,57,5,143,150,1101,202738
2014-15,Ish Smith,PHI,55,831.3183333333334,143,367,0.39,18,60,0.3,34,57,0.596,15,85,100,180,36,6,78,50,338,202397
2014-15,J.R. Smith,CLE,70,2079.4566666666665,315,755,0.417,163,426,0.383,54,72,0.75,30,188,218,195,82,22,97,163,847,2747
2014-15,JJ Hickson,DEN,73,1411.305,218,459,0.475,0,2,0.0,116,201,0.577,150,302,452,57,36,35,96,136,552,201581
2014-15,JJ Redick,LAC,78,2409.0783333333334,447,938,0.477,200,458,0.437,183,203,0.901,22,145,167,137,39,8,95,134,1277,200755
2014-15,JaKarr Sampson,PHI,74,1131.2866666666666,146,346,0.422,31,127,0.244,63,94,0.67,35,128,163,77,38,26,76,135,386,203960
2014-15,JaMychal Green,MEM,24,163.93,27,47,0.574,0,6,0.0,8,10,0.8,19,26,45,4,5,5,14,25,62,203210
2014-15,JaVale McGee,DEN,23,256.02166666666665,42,79,0.532,0,0,0.0,22,33,0.667,18,43,61,3,2,20,18,30,106,201580
2014-15,Jabari Brown,LAL,19,568.34,70,170,0.412,23,62,0.371,64,85,0.753,3,33,36,40,12,2,32,33,227,203913
2014-15,Jabari Parker,MIL,25,738.4516666666667,129,263,0.49,4,16,0.25,46,66,0.697,50,88,138,42,31,5,47,42,308,203953
2014-15,Jack Cooley,UTA,16,87.145,9,22,0.409,0,0,0.0,9,21,0.429,10,15,25,1,6,3,3,23,27,204022
2014-15,Jae Crowder,BOS,82,1646.5616666666667,229,545,0.42,61,208,0.293,109,141,0.773,72,221,293,94,72,25,49,137,628,203109
2014-15,Jamaal Franklin,DEN,3,13.178333333333333,1,2,0.5,1,2,0.5,0,0,0.0,1,1,2,3,0,1,3,4,3,203479
2014-15,Jamal Crawford,LAC,64,1703.215,332,839,0.396,119,364,0.327,227,252,0.901,18,106,124,158,59,14,92,108,1010,2037
2014-15,Jameer Nelson,DEN,63,1406.015,205,504,0.407,89,258,0.345,24,36,0.667,33,113,146,253,47,6,109,136,523,2749
2014-15,James Ennis,MIA,62,1051.4266666666667,101,247,0.409,31,95,0.326,79,94,0.84,51,125,176,48,25,17,39,89,312,203516
2014-15,James Harden,HOU,81,2980.88,647,1470,0.44,208,555,0.375,715,824,0.868,75,384,459,565,154,60,321,208,2217,201935
2014-15,James Johnson,TOR,70,1369.92,238,404,0.589,11,51,0.216,67,102,0.657,61,196,257,95,54,70,79,155,554,201949
2014-15,James Jones,CLE,57,669.3716666666667,74,201,0.368,63,175,0.36,39,46,0.848,9,53,62,24,13,8,13,67,250,2592
2014-15,James Michael McAdoo,GSW,15,137.17,24,44,0.545,0,0,0.0,14,25,0.56,15,22,37,2,5,9,6,21,62,203949
2014-15,James Young,BOS,31,331.94166666666666,36,102,0.353,17,66,0.258,16,29,0.552,9,33,42,13,8,2,5,22,105,203923
2014-15,Jannero Pargo,CHA,9,73.185,15,35,0.429,9,22,0.409,2,2,1.0,0,3,3,8,0,0,3,8,41,2457
2014-15,Jared Cunningham,LAC,19,89.00333333333333,12,33,0.364,4,13,0.308,7,13,0.538,1,8,9,10,3,0,7,12,35,203099
2014-15,Jared Dudley,MIL,72,1716.7533333333333,198,423,0.468,74,192,0.385,48,67,0.716,45,175,220,130,72,11,62,113,518,201162
2014-15,Jared Sullinger,BOS,58,1566.3816666666667,311,708,0.439,52,184,0.283,96,129,0.744,147,294,441,134,44,42,78,153,770,203096
2014-15,Jarnell Stokes,MEM,19,126.14166666666667,21,37,0.568,0,0,0.0,15,28,0.536,16,18,34,4,5,5,7,25,57,203950
2014-15,Jarrett Jack,BKN,80,2240.911666666667,359,817,0.439,39,146,0.267,200,227,0.881,19,226,245,373,75,13,191,143,957,101127
2014-15,Jason Maxiell,CHA,61,877.9033333333333,81,192,0.422,0,0,0.0,41,71,0.577,86,117,203,19,18,44,29,96,203,101131
2014-15,Jason Richardson,PHI,19,416.46166666666664,62,178,0.348,31,96,0.323,17,22,0.773,13,53,66,38,13,3,16,28,172,2202
2014-15,Jason Smith,NYK,82,1784.9466666666667,257,592,0.434,15,42,0.357,127,153,0.83,98,226,324,140,32,44,104,205,656,201160
2014-15,Jason Terry,HOU,77,1641.1766666666667,188,446,0.422,126,323,0.39,39,48,0.813,15,106,121,147,66,19,74,116,541,1891
2014-15,Jason Thompson,SAC,81,1990.9783333333332,201,428,0.47,0,1,0.0,89,143,0.622,139,391,530,85,33,57,84,239,491,201574
2014-15,Jeff Adrien,HOU,17,215.28166666666667,19,44,0.432,0,0,0.0,22,38,0.579,23,54,77,15,4,9,9,30,60,202399
2014-15,Jeff Ayres,SAS,51,382.7366666666667,55,95,0.579,0,0,0.0,27,36,0.75,37,80,117,14,8,8,26,60,137,201965
2014-15,Jeff Green,MEM,78,2454.84,416,967,0.43,97,292,0.332,239,287,0.833,64,264,328,134,53,34,108,147,1168,201145
2014-15,Jeff Taylor,CHA,29,430.37333333333333,45,114,0.395,11,36,0.306,26,41,0.634,14,39,53,22,12,1,19,36,127,203106
2014-15,Jeff Teague,ATL,73,2227.75,408,887,0.46,71,207,0.343,275,319,0.862,30,154,184,513,125,31,205,139,1162,201952
2014-15,Jeff Withey,NOP,37,258.585,32,64,0.5,0,0,0.0,34,50,0.68,23,41,64,11,4,18,12,26,98,203481
2014-15,Jerami Grant,PHI,65,1376.485,124,352,0.352,49,156,0.314,114,193,0.591,49,149,198,79,40,68,85,144,411,203924
2014-15,Jerel McNeal,PHX,6,36.333333333333336,3,11,0.273,1,2,0.5,2,2,1.0,0,3,3,2,3,1,5,5,9,202077
2014-15,Jeremy Evans,UTA,38,265.68,32,58,0.552,2,5,0.4,24,29,0.828,26,45,71,13,11,12,5,29,90,202379
2014-15,Jeremy Lamb,OKC,47,632.63,104,250,0.416,38,111,0.342,49,55,0.891,8,99,107,44,21,6,27,52,295,203087
2014-15,Jeremy Lin,LAL,74,1906.69,277,654,0.424,65,176,0.369,213,268,0.795,26,170,196,339,82,32,166,189,832,202391
2014-15,Jerome Jordan,BKN,44,383.00666666666666,50,94,0.532,0,0,0.0,38,44,0.864,52,53,105,13,8,15,22,58,138,202366
2014-15,Jerrelle Benimon,DEN,2,2.723333333333333,0,0,0.0,0,0,0.0,0,0,0.0,1,2,3,0,0,0,1,0,0,203968
2014-15,Jerryd Bayless,MIL,77,1717.3783333333333,220,516,0.426,37,120,0.308,121,137,0.883,22,189,211,233,59,12,133,163,598,201573
2014-15,Jimmer Fredette,NOP,50,508.89,63,166,0.38,9,48,0.188,43,45,0.956,8,32,40,58,15,2,33,43,178,202690
2014-15,Jimmy Butler,CHI,65,2513.4566666666665,421,912,0.462,73,193,0.378,386,463,0.834,114,265,379,212,114,36,93,108,1301,202710
2014-15,Joakim Noah,CHI,67,2048.645,190,427,0.445,0,2,0.0,105,174,0.603,219,427,646,312,48,74,123,203,485,201149
2014-15,Jodie Meeks,DET,60,1462.3716666666667,222,534,0.416,74,212,0.349,145,160,0.906,12,92,104,79,59,6,57,76,663,201975
2014-15,Joe Harris,CLE,51,492.9583333333333,48,120,0.4,31,84,0.369,9,15,0.6,7,34,41,26,7,2,27,62,136,203925
2014-15,Joe Ingles,UTA,79,1672.655,147,354,0.415,72,202,0.356,30,40,0.75,22,153,175,182,72,10,98,124,396,204060
2014-15,Joe Johnson,BKN,80,2790.8733333333334,446,1025,0.435,121,337,0.359,141,176,0.801,53,331,384,292,59,14,137,120,1154,2207
2014-15,Joel Anthony,DET,49,406.44,36,62,0.581,0,0,0.0,15,22,0.682,32,61,93,5,12,49,12,55,87,201202
2014-15,Joel Freeland,POR,48,616.655,74,151,0.49,0,0,0.0,21,25,0.84,62,129,191,16,9,23,23,93,169,200777
2014-15,Joey Dorsey,HOU,69,854.33,80,145,0.552,0,1,0.0,24,83,0.289,103,176,279,25,40,25,41,157,184,201595
2014-15,Joffrey Lauvergne,DEN,24,267.9533333333333,36,89,0.404,3,16,0.188,18,28,0.643,27,50,77,13,8,10,22,43,93,203530
2014-15,John Henson,MIL,67,1228.465,196,346,0.566,0,0,0.0,78,137,0.569,124,188,312,59,28,135,87,152,470,203089
2014-15,John Jenkins,ATL,24,297.12333333333333,49,99,0.495,21,52,0.404,16,19,0.842,2,37,39,13,10,0,8,15,135,203098
2014-15,John Lucas III,DET,21,271.735,42,104,0.404,9,29,0.31,5,5,1.0,4,12,16,60,8,0,16,18,98,101249
2014-15,John Salmons,NOP,21,269.695,16,48,0.333,8,26,0.308,2,4,0.5,4,17,21,13,9,4,5,25,42,2422
2014-15,John Wall,WAS,79,2836.133333333333,519,1166,0.445,65,217,0.3,284,362,0.785,36,330,366,792,138,45,304,180,1387,202322
2014-15,Johnny O'Bryant,MIL,34,367.62666666666667,44,120,0.367,0,0,0.0,12,27,0.444,26,38,64,17,5,4,25,44,100,203948
2014-15,Jon Leuer,MEM,63,823.9966666666667,121,273,0.443,7,29,0.241,37,59,0.627,50,157,207,46,17,9,35,86,286,202720
2014-15,Jonas Jerebko,BOS,75,1230.16,169,379,0.446,54,140,0.386,56,66,0.848,93,189,282,71,46,18,44,135,448,201973
2014-15,Jonas Valanciunas,TOR,80,2095.93,373,652,0.572,0,1,0.0,217,276,0.786,215,478,693,39,33,95,109,222,963,202685
2014-15,Jordan Adams,MEM,30,248.41833333333332,35,86,0.407,10,25,0.4,14,23,0.609,9,19,28,16,16,7,14,24,94,203919
2014-15,Jordan Clarkson,LAL,59,1475.84,267,596,0.448,38,121,0.314,131,158,0.829,56,135,191,206,51,12,96,109,703,203903
2014-15,Jordan Farmar,LAC,36,529.44,61,158,0.386,35,97,0.361,10,11,0.909,8,34,42,67,20,5,32,52,167,200770
2014-15,Jordan Hamilton,LAC,14,122.07,14,35,0.4,10,21,0.476,0,0,0.0,2,14,16,7,2,0,4,14,38,202706
2014-15,Jordan Hill,LAL,70,1874.29,357,777,0.459,3,11,0.273,124,168,0.738,174,382,556,103,34,52,106,164,841,201941
2014-15,Jorge Gutierrez,MIL,20,174.405,22,41,0.537,0,3,0.0,9,13,0.692,5,20,25,22,6,0,12,25,53,203268
2014-15,Jose Calderon,NYK,42,1270.2483333333332,147,354,0.415,59,142,0.415,29,32,0.906,19,105,124,198,31,0,75,76,382,101181
2014-15,Jose Juan Barea,DAL,77,1361.6683333333333,225,536,0.42,54,167,0.323,76,94,0.809,23,111,134,263,33,1,70,104,580,200826
2014-15,Josh McRoberts,MIA,17,295.8933333333333,28,53,0.528,8,19,0.421,8,13,0.615,7,38,45,33,12,3,22,41,72,201177
2014-15,Josh Smith,HOU,83,2300.5216666666665,414,987,0.419,72,228,0.316,127,255,0.498,152,378,530,277,87,116,206,228,1027,2746
2014-15,Jrue Holiday,NOP,40,1303.0766666666666,238,534,0.446,51,135,0.378,65,76,0.855,32,103,135,274,63,23,91,110,592,201950
2014-15,Julius Randle,LAL,1,13.566666666666666,1,3,0.333,0,0,0.0,0,2,0.0,0,0,0,0,0,0,1,1,2,203944
2014-15,Justin Hamilton,MIN,41,712.5733333333334,85,178,0.478,10,31,0.323,39,47,0.83,57,77,134,36,27,30,26,70,219,203120
2014-15,Justin Holiday,GSW,59,657.4533333333334,91,235,0.387,35,109,0.321,37,45,0.822,12,61,73,48,40,12,29,54,254,203200
2014-15,Jusuf Nurkic,DEN,62,1103.2916666666667,171,383,0.446,0,2,0.0,84,132,0.636,125,257,382,50,52,68,86,207,426,203994
2014-15,KJ McDaniels,HOU,62,1351.8233333333333,172,434,0.396,43,150,0.287,100,133,0.752,65,135,200,72,44,70,105,126,487,203909
2014-15,Kalin Lucas,MEM,1,5.53,0,1,0.0,0,0,0.0,0,0,0.0,0,0,0,0,1,0,0,1,0,203564
2014-15,Kawhi Leonard,SAS,64,2033.0333333333333,394,822,0.479,67,192,0.349,202,252,0.802,85,376,461,161,148,48,97,128,1057,202695
2014-15,Kelly Olynyk,BOS,64,1423.5183333333334,251,528,0.475,61,175,0.349,93,136,0.684,92,211,303,109,64,39,98,213,656,203482
2014-15,Kemba Walker,CHA,62,2118.6033333333335,378,981,0.385,85,280,0.304,234,283,0.827,35,185,220,318,89,31,100,92,1075,202689
2014-15,Kendall Marshall,MIL,28,417.45,46,101,0.455,18,46,0.391,8,9,0.889,2,26,28,86,21,0,35,26,118,203088
2014-15,Kendrick Perkins,CLE,68,1148.26,102,227,0.449,0,1,0.0,42,83,0.506,91,229,320,51,16,42,95,162,246,2570
2014-15,Kenneth Faried,DEN,75,2085.9366666666665,373,736,0.507,1,8,0.125,199,288,0.691,242,426,668,89,62,57,118,211,946,202702
2014-15,Kent Bazemore,ATL,75,1323.275,141,331,0.426,48,132,0.364,60,100,0.6,21,201,222,78,52,33,73,127,390,203145
2014-15,Kentavious Caldwell-Pope,DET,82,2586.8166666666666,390,972,0.401,153,444,0.345,110,158,0.696,46,209,255,109,93,18,94,161,1043,203484
2014-15,Kenyon Martin,MIL,11,104.065,9,22,0.409,0,0,0.0,2,2,1.0,6,13,19,5,5,6,3,13,20,2030
2014-15,Kevin Durant,OKC,27,912.615,238,467,0.51,64,159,0.403,146,171,0.854,16,162,178,110,24,25,74,40,686,201142
2014-15,Kevin Garnett,MIN,47,952.495,143,306,0.467,1,7,0.143,36,45,0.8,48,263,311,77,46,17,46,109,323,708
2014-15,Kevin Love,CLE,75,2531.83,413,952,0.434,144,392,0.367,258,321,0.804,142,589,731,168,51,39,122,140,1228,201567
2014-15,Kevin Martin,MIN,39,1302.4833333333333,267,625,0.427,75,191,0.393,170,193,0.881,19,123,142,89,33,1,76,76,779,2755
2014-15,Kevin Seraphin,WAS,79,1235.07,231,450,0.513,0,2,0.0,58,82,0.707,87,201,288,59,10,59,98,197,520,202338
2014-15,Khris Middleton,MIL,79,2378.1183333333333,406,869,0.467,109,268,0.407,134,156,0.859,48,299,347,182,122,11,113,183,1055,203114
2014-15,Kirk Hinrich,CHI,66,1609.9666666666667,142,381,0.373,58,168,0.345,35,50,0.7,20,101,121,148,46,14,73,144,377,2550
2014-15,Klay Thompson,GSW,77,2454.6066666666666,602,1299,0.463,239,545,0.439,225,256,0.879,27,220,247,222,87,60,149,122,1668,202691
2014-15,Kobe Bryant,LAL,35,1206.8683333333333,266,713,0.373,54,184,0.293,196,241,0.813,26,173,199,197,47,7,128,65,782,977
2014-15,Kosta Koufos,MEM,81,1348.2333333333333,182,358,0.508,0,0,0.0,55,85,0.647,121,305,426,37,29,63,69,148,419,201585
2014-15,Kostas Papanikolaou,HOU,43,795.4466666666667,69,197,0.35,31,106,0.292,13,18,0.722,39,79,118,85,29,13,55,71,182,203123
2014-15,Kris Humphries,WAS,64,1345.3016666666667,211,446,0.473,0,7,0.0,87,117,0.744,118,298,416,57,34,25,46,130,509,2743
2014-15,Kyle Anderson,SAS,33,358.08,31,89,0.348,3,11,0.273,9,14,0.643,5,67,72,28,15,7,10,28,74,203937
2014-15,Kyle Korver,ATL,75,2418.0466666666666,292,600,0.487,221,449,0.492,106,118,0.898,15,289,304,196,52,42,107,140,911,2594
2014-15,Kyle Lowry,TOR,70,2414.4166666666665,430,1043,0.412,132,391,0.338,252,312,0.808,54,274,328,473,109,13,173,212,1244,200768
2014-15,Kyle O'Quinn,ORL,51,824.0533333333333,119,242,0.492,12,43,0.279,44,57,0.772,46,153,199,59,31,39,55,110,294,203124
2014-15,Kyle Singler,OKC,80,1743.655,172,446,0.386,96,241,0.398,40,52,0.769,33,161,194,85,47,21,55,153,480,202713
2014-15,Kyrie Irving,CLE,75,2729.8616666666667,578,1235,0.468,157,378,0.415,315,365,0.863,55,182,237,389,114,20,186,146,1628,202681
2014-15,LaMarcus Aldridge,POR,71,2511.588333333333,659,1415,0.466,37,105,0.352,306,362,0.845,177,549,726,124,48,68,122,125,1661,200746
2014-15,Lance Stephenson,CHA,61,1573.2383333333332,207,550,0.376,18,105,0.171,69,110,0.627,39,238,277,240,38,8,128,134,501,202362
2014-15,Lance Thomas,NYK,62,1490.6283333333333,182,442,0.412,7,22,0.318,72,99,0.727,65,130,195,69,37,8,74,101,443,202498
2014-15,Landry Fields,TOR,26,216.47333333333333,20,41,0.488,1,2,0.5,5,6,0.833,10,16,26,15,11,0,8,9,46,202361
2014-15,Langston Galloway,NYK,45,1457.3866666666668,204,511,0.399,62,176,0.352,63,78,0.808,37,153,190,150,52,12,61,129,533,204038
2014-15,Larry Drew,PHI,12,219.10666666666665,20,58,0.345,4,26,0.154,2,3,0.667,1,14,15,45,6,0,25,13,46,203580
2014-15,Larry Sanders,MIL,27,585.5283333333333,86,172,0.5,0,0,0.0,24,48,0.5,67,99,166,23,26,39,28,104,196,202336
2014-15,Lavoy Allen,IND,63,1070.0483333333334,141,299,0.472,0,0,0.0,33,47,0.702,123,200,323,73,15,42,40,102,315,202730
2014-15,LeBron James,CLE,69,2493.4216666666666,624,1279,0.488,120,339,0.354,375,528,0.71,51,365,416,511,109,49,272,135,1743,2544
2014-15,Leandro Barbosa,GSW,66,982.1566666666666,183,386,0.474,43,112,0.384,58,74,0.784,23,68,91,99,41,8,44,87,467,2571
2014-15,Lester Hudson,LAC,5,55.553333333333335,6,14,0.429,3,6,0.5,3,4,0.75,1,7,8,5,6,1,3,4,18,201991
2014-15,Lorenzo Brown,MIN,29,548.63,52,122,0.426,6,28,0.214,12,19,0.632,14,56,70,90,28,6,30,49,122,203485
2014-15,Lou Amundson,NYK,53,937.2516666666667,109,255,0.427,0,1,0.0,41,87,0.471,94,174,268,70,22,52,62,126,259,200811
2014-15,Lou Williams,TOR,80,2015.515,375,928,0.404,152,447,0.34,340,395,0.861,24,127,151,164,88,10,101,103,1242,101150
2014-15,Luc Mbah a Moute,PHI,67,1916.4766666666667,251,636,0.395,62,202,0.307,96,163,0.589,82,246,328,106,81,21,99,104,660,201601
2014-15,Lucas Nogueira,TOR,6,23.05,2,8,0.25,0,0,0.0,2,4,0.5,2,9,11,1,2,0,2,6,6,203512
2014-15,Luis Scola,IND,81,1659.0466666666666,300,642,0.467,5,20,0.25,158,226,0.699,138,388,526,105,47,18,94,192,763,2449
2014-15,Luke Babbitt,NOP,63,829.545,92,192,0.479,59,115,0.513,13,19,0.684,12,99,111,24,17,11,26,63,256,202337
2014-15,Luke Ridnour,ORL,47,682.8883333333333,75,176,0.426,20,63,0.317,18,21,0.857,8,60,68,96,20,4,38,67,188,2557
2014-15,Luol Deng,MIA,72,2420.5616666666665,369,787,0.469,78,220,0.355,191,251,0.761,103,273,376,139,65,22,108,109,1007,2736
2014-15,Malcolm Lee,PHI,1,2.0166666666666666,0,1,0.0,0,0,0.0,0,0,0.0,0,0,0,0,0,0,0,0,0,202723
2014-15,Malcolm Thomas,PHI,17,194.30166666666668,18,40,0.45,0,7,0.0,9,13,0.692,16,40,56,7,3,1,13,17,45,202952
2014-15,Manu Ginobili,SAS,70,1587.0,251,589,0.426,89,258,0.345,147,204,0.721,28,183,211,293,67,20,154,138,738,1938
2014-15,Marc Gasol,MEM,81,2687.06,530,1072,0.494,3,17,0.176,350,440,0.795,115,515,630,307,70,131,176,208,1413,201188
2014-15,Marcin Gortat,WAS,82,2452.5383333333334,439,775,0.566,0,3,0.0,123,175,0.703,180,537,717,97,49,110,100,191,1001,101162
2014-15,Marco Belinelli,SAS,62,1388.31,199,470,0.423,86,230,0.374,84,99,0.848,26,131,157,94,31,3,61,85,568,201158
2014-15,Marcus Morris,PHX,81,2045.0033333333333,331,763,0.434,112,313,0.358,71,113,0.628,73,312,385,133,63,16,73,188,845,202694
2014-15,Marcus Smart,BOS,67,1808.21,175,477,0.367,91,272,0.335,82,127,0.646,61,161,222,208,99,18,90,176,523,203935
2014-15,Marcus Thornton,PHX,48,720.425,140,345,0.406,54,143,0.378,46,56,0.821,23,63,86,36,27,7,27,38,380,201977
2014-15,Mario Chalmers,MIA,80,2368.358333333333,267,663,0.403,73,248,0.294,206,266,0.774,24,182,206,307,122,10,173,251,813,201596
2014-15,Markel Brown,BKN,47,781.4166666666666,76,210,0.362,17,64,0.266,47,57,0.825,16,91,107,39,31,12,27,57,216,203900
2014-15,Markieff Morris,PHX,82,2580.6883333333335,512,1100,0.465,57,179,0.318,177,232,0.763,110,396,506,192,101,39,170,245,1258,202693
2014-15,Marreese Speights,GSW,76,1207.0033333333333,318,646,0.492,5,18,0.278,150,178,0.843,109,216,325,72,20,34,82,189,791,201578
2014-15,Martell Webster,WAS,32,351.62833333333333,24,91,0.264,10,43,0.233,48,64,0.75,10,36,46,17,7,1,22,24,106,101110
2014-15,Marvin Williams,CHA,78,2034.7083333333333,210,495,0.424,95,265,0.358,62,87,0.713,58,328,386,100,69,36,60,146,577,101107
2014-15,Mason Plumlee,BKN,82,1742.5733333333333,280,489,0.573,0,3,0.0,157,317,0.495,175,337,512,74,65,63,106,207,717,203486
2014-15,Matt Barnes,LAC,76,2271.14,277,624,0.444,136,376,0.362,74,95,0.779,51,251,302,114,67,50,87,240,764,2440
2014-15,Matt Bonner,SAS,72,935.465,94,230,0.409,46,126,0.365,30,37,0.811,29,86,115,47,10,12,11,65,264,2588
2014-15,Matthew Dellavedova,CLE,67,1380.19,111,307,0.362,68,167,0.407,29,38,0.763,37,89,126,204,24,2,61,152,319,203521
2014-15,Maurice Harkless,ORL,45,674.2233333333334,63,158,0.399,10,56,0.179,22,41,0.537,38,68,106,25,32,9,27,66,158,203090
2014-15,Meyers Leonard,POR,55,846.585,125,245,0.51,47,112,0.42,30,32,0.938,46,204,250,32,10,14,39,113,327,203086
2014-15,Michael Beasley,MIA,24,504.805,92,212,0.434,8,34,0.235,20,26,0.769,12,77,89,32,15,13,37,66,212,201563
2014-15,Michael Carter-Williams,MIL,66,2150.14,364,919,0.396,36,153,0.235,202,291,0.694,64,289,353,442,111,30,253,167,966,203487
2014-15,Michael Kidd-Gilchrist,CHA,55,1587.37,224,482,0.465,0,0,0.0,150,214,0.701,109,307,416,77,30,38,63,115,598,203077
2014-15,Mike Conley,MEM,70,2224.8016666666667,393,882,0.446,107,277,0.386,214,249,0.859,29,180,209,375,89,14,156,139,1107,201144
2014-15,Mike Dunleavy,CHI,63,1837.775,209,481,0.435,107,263,0.407,70,87,0.805,28,220,248,114,39,21,60,123,595,2399
2014-15,Mike Miller,CLE,52,701.18,37,114,0.325,32,98,0.327,3,4,0.75,4,87,91,46,14,4,23,74,109,2034
2014-15,Mike Muscala,ATL,40,502.14,83,151,0.55,9,22,0.409,22,25,0.88,52,67,119,25,16,19,21,52,197,203488
2014-15,Mike Scott,ATL,68,1123.1233333333332,201,453,0.444,66,192,0.344,61,77,0.792,45,154,199,75,25,3,39,83,529,203118
2014-15,Miles Plumlee,MIL,73,1194.2366666666667,136,254,0.535,0,0,0.0,22,46,0.478,112,208,320,34,41,66,51,111,294,203101
2014-15,Miroslav Raduljica,MIN,5,22.75,3,8,0.375,0,0,0.0,2,2,1.0,2,3,5,0,1,0,2,8,8,203545
2014-15,Mirza Teletovic,BKN,40,892.335,122,319,0.382,62,193,0.321,33,46,0.717,27,167,194,46,14,16,53,74,339,203141
2014-15,Mitch McGary,OKC,32,484.885,88,165,0.533,0,2,0.0,25,40,0.625,53,112,165,14,16,16,31,72,201,203956
2014-15,Mo Williams,CHA,68,1980.2016666666666,341,860,0.397,119,348,0.342,163,187,0.872,22,152,174,424,46,14,172,162,964,2590
2014-15,Monta Ellis,DAL,80,2699.295,602,1354,0.445,81,284,0.285,228,303,0.752,34,156,190,329,148,25,198,197,1513,101145
2014-15,Nate Robinson,DEN,42,590.9166666666666,88,255,0.345,31,112,0.277,31,46,0.674,17,33,50,97,20,3,30,76,238,101126
2014-15,Nate Wolters,MIL,21,246.67833333333334,20,57,0.351,0,7,0.0,2,6,0.333,8,26,34,21,8,2,13,18,42,203489
2014-15,Nazr Mohammed,CHI,23,128.04333333333332,13,30,0.433,0,0,0.0,1,3,0.333,11,27,38,3,4,5,7,16,27,1737
2014-15,Nene,WAS,67,1693.2066666666667,307,601,0.511,1,5,0.2,122,202,0.604,84,261,345,123,66,22,124,180,737,2403
2014-15,Nerlens Noel,PHI,75,2311.27,302,653,0.462,0,0,0.0,140,230,0.609,185,426,611,128,133,142,146,208,744,203457
2014-15,Nick Calathes,MEM,58,837.9216666666666,104,247,0.421,11,43,0.256,24,45,0.533,19,87,106,146,63,5,61,100,243,201979
2014-15,Nick Collison,OKC,66,1100.7333333333333,106,253,0.419,16,60,0.267,45,65,0.692,90,160,250,90,35,25,45,156,273,2555
2014-15,Nick Johnson,HOU,28,262.33166666666665,26,75,0.347,5,21,0.238,17,25,0.68,13,26,39,11,7,3,19,34,74,203910
2014-15,Nick Young,LAL,42,1000.18,174,476,0.366,83,225,0.369,132,148,0.892,17,79,96,41,23,11,44,83,563,201156
2014-15,Nicolas Batum,POR,71,2380.0933333333332,240,600,0.4,100,309,0.324,84,98,0.857,62,354,416,341,78,40,132,106,664,201587
2014-15,Nik Stauskas,SAC,73,1126.5366666666666,108,296,0.365,48,149,0.322,55,64,0.859,11,77,88,67,20,17,40,92,319,203917
2014-15,Nikola Mirotic,CHI,82,1654.1216666666667,253,624,0.405,99,313,0.316,228,284,0.803,63,341,404,97,54,54,89,172,833,202703
2014-15,Nikola Pekovic,MIN,31,815.0616666666666,139,328,0.424,0,0,0.0,108,129,0.837,89,145,234,27,19,12,42,59,386,201593
2014-15,Nikola Vucevic,ORL,74,2528.6633333333334,631,1206,0.523,2,6,0.333,164,218,0.752,238,572,810,147,54,54,148,220,1428,202696
2014-15,Noah Vonleh,CHA,25,258.5,30,76,0.395,5,13,0.385,18,26,0.692,28,58,86,4,4,9,11,20,83,203943
2014-15,Norris Cole,NOP,75,1831.1083333333333,230,558,0.412,55,176,0.313,58,81,0.716,13,146,159,255,57,15,99,124,573,202708
2014-15,O.J. Mayo,MIL,71,1697.365,296,701,0.422,99,277,0.357,115,139,0.827,30,157,187,197,57,18,128,165,806,201564
2014-15,Ognjen Kuzmic,GSW,16,71.73666666666666,8,12,0.667,0,0,0.0,4,4,1.0,7,10,17,6,2,1,5,13,20,203136
2014-15,Omer Asik,NOP,76,1981.8083333333334,213,412,0.517,0,0,0.0,131,225,0.582,244,504,748,72,29,54,95,144,557,201600
2014-15,Omri Casspi,SAC,67,1416.3816666666667,209,427,0.489,35,87,0.402,140,191,0.733,54,206,260,102,31,9,88,107,593,201956
2014-15,Otto Porter,WAS,74,1432.055,176,391,0.45,35,104,0.337,58,79,0.734,70,151,221,65,44,30,52,97,445,203490
2014-15,PJ Hairston,CHA,45,687.2733333333333,87,269,0.323,49,163,0.301,31,36,0.861,22,70,92,21,21,13,22,61,254,203798
2014-15,PJ Tucker,PHX,78,2383.45,261,596,0.438,87,252,0.345,104,143,0.727,114,388,502,122,107,23,96,179,713,200782
2014-15,Pablo Prigioni,HOU,67,1196.6616666666666,91,228,0.399,57,166,0.343,35,41,0.854,30,89,119,171,79,1,62,88,274,203143
2014-15,Patrick Beverley,HOU,56,1726.7783333333334,204,532,0.383,115,323,0.356,45,60,0.75,67,170,237,192,59,23,83,182,568,201976
2014-15,Patrick Christopher,MEM,4,28.733333333333334,3,12,0.25,0,4,0.0,0,0,0.0,2,4,6,0,1,0,1,6,6,203565
2014-15,Patrick Patterson,TOR,81,2156.29,240,535,0.449,105,283,0.371,63,80,0.788,127,306,433,155,60,44,54,149,648,202335
2014-15,Patty Mills,SAS,51,801.1966666666667,128,336,0.381,62,182,0.341,33,40,0.825,21,54,75,87,28,2,35,58,351,201988
2014-15,Pau Gasol,CHI,78,2680.71,570,1153,0.494,12,26,0.462,294,366,0.803,220,699,919,210,25,147,158,147,1446,2200
2014-15,Paul George,IND,6,90.91666666666667,18,49,0.367,9,22,0.409,8,11,0.727,4,18,22,6,5,1,12,11,53,202331
2014-15,Paul Millsap,ATL,73,2389.5316666666668,443,930,0.476,77,216,0.356,255,337,0.757,139,431,570,223,130,69,166,201,1218,200794
2014-15,Paul Pierce,WAS,73,1913.365,293,656,0.447,118,303,0.389,164,210,0.781,45,249,294,144,46,24,92,160,868,1718
2014-15,Pero Antic,ATL,63,1037.2383333333332,108,296,0.365,52,173,0.301,88,123,0.715,58,131,189,49,18,14,49,132,356,203544
2014-15,Perry Jones,OKC,43,631.1616666666666,73,184,0.397,14,60,0.233,24,37,0.649,6,70,76,18,17,8,24,50,184,203103
2014-15,Phil Pressey,BOS,50,600.1316666666667,64,174,0.368,16,65,0.246,33,49,0.673,13,67,80,117,30,6,41,54,177,203515
2014-15,Quincy Acy,NYK,68,1287.0616666666667,152,331,0.459,18,60,0.3,76,97,0.784,79,222,301,68,27,22,60,147,398,203112
2014-15,Quincy Miller,DET,10,119.73166666666667,9,38,0.237,3,18,0.167,8,11,0.727,4,16,20,8,7,5,5,9,29,203113
2014-15,Quincy Pondexter,NOP,75,1793.4933333333333,188,447,0.421,91,244,0.373,71,96,0.74,53,142,195,94,19,24,51,150,538,202347
2014-15,Rajon Rondo,DAL,68,2018.8383333333334,275,645,0.426,27,86,0.314,31,78,0.397,73,300,373,538,91,7,210,153,608,200765
2014-15,Ramon Sessions,WAS,64,1188.0733333333333,125,334,0.374,19,60,0.317,133,173,0.769,23,121,144,182,29,0,86,73,402,201196
2014-15,Randy Foye,DEN,50,1086.48,148,402,0.368,94,263,0.357,45,55,0.818,9,76,85,119,34,11,60,97,435,200751
2014-15,Rasual Butler,WAS,75,1504.6316666666667,218,517,0.422,91,235,0.387,53,67,0.791,27,170,197,63,29,22,48,98,580,2446
2014-15,Ray McCallum,SAC,68,1435.7716666666668,206,470,0.438,34,111,0.306,57,84,0.679,52,128,180,188,45,11,85,92,503,203492
2014-15,Raymond Felton,DAL,29,281.37333333333333,43,106,0.406,10,34,0.294,12,15,0.8,2,24,26,41,11,4,18,17,108,101109
2014-15,Reggie Bullock,PHX,36,337.88166666666666,24,70,0.343,15,46,0.326,6,9,0.667,1,49,50,8,10,4,8,19,69,203493
2014-15,Reggie Evans,SAC,47,763.825,58,137,0.423,0,2,0.0,60,97,0.619,97,202,299,32,22,5,45,91,176,2501
2014-15,Reggie Jackson,DET,77,2268.36,432,996,0.434,72,241,0.299,181,218,0.83,56,271,327,462,62,9,186,167,1117,202704
2014-15,Reggie Williams,SAS,20,105.065,15,39,0.385,3,19,0.158,4,4,1.0,5,12,17,10,1,0,2,12,37,202130
2014-15,Richard Jefferson,DAL,74,1244.1483333333333,144,324,0.444,66,155,0.426,78,114,0.684,25,158,183,61,32,11,52,115,432,2210
2014-15,Ricky Ledo,NYK,17,244.04166666666666,32,96,0.333,10,27,0.37,16,22,0.727,16,20,36,19,6,1,26,21,90,203495
2014-15,Ricky Rubio,MIN,22,692.1266666666667,78,219,0.356,13,51,0.255,57,71,0.803,19,106,125,193,38,1,64,59,226,201937
2014-15,Robbie Hummel,MIN,45,741.79,79,172,0.459,16,51,0.314,24,29,0.828,31,103,134,27,16,9,18,86,198,203133
2014-15,Robert Covington,PHI,70,1956.005,299,756,0.396,167,446,0.374,178,217,0.82,65,251,316,105,97,31,128,189,943,203496
2014-15,Robert Sacre,LAL,67,1133.3183333333334,126,306,0.412,0,1,0.0,55,82,0.671,89,144,233,55,28,43,36,121,307,203135
2014-15,Robin Lopez,POR,59,1637.8916666666667,234,437,0.535,0,1,0.0,98,127,0.772,190,204,394,55,16,84,73,122,566,201577
2014-15,Rodney Hood,UTA,50,1064.4733333333334,155,374,0.414,62,170,0.365,61,80,0.763,9,108,117,83,30,12,45,119,433,203918
2014-15,Rodney Stuckey,IND,71,1873.4533333333334,332,754,0.44,55,141,0.39,177,216,0.819,36,212,248,219,56,10,118,131,896,201155
2014-15,Ronnie Price,LAL,43,982.09,77,223,0.345,31,109,0.284,36,45,0.8,19,50,69,165,67,4,52,118,221,101179
2014-15,Ronny Turiaf,MIN,2,19.366666666666667,0,0,0.0,0,0,0.0,0,0,0.0,0,1,1,2,0,0,0,0,0,101142
2014-15,Roy Hibbert,IND,76,1926.4416666666666,317,710,0.446,0,2,0.0,168,204,0.824,156,384,540,84,18,125,107,216,802,201579
2014-15,Rudy Gay,SAC,68,2408.2483333333334,508,1116,0.455,79,220,0.359,337,393,0.858,98,301,399,250,71,41,183,157,1432,200752
2014-15,Rudy Gobert,UTA,82,2158.6916666666666,258,427,0.604,0,2,0.0,170,273,0.623,265,510,775,109,64,189,111,175,686,203497
2014-15,Russ Smith,MEM,12,65.06666666666666,8,25,0.32,2,11,0.182,12,13,0.923,1,5,6,8,3,0,12,13,30,203893
2014-15,Russell Westbrook,OKC,67,2301.8233333333333,627,1471,0.426,86,288,0.299,546,654,0.835,124,364,488,574,140,14,293,184,1886,201566
2014-15,Ryan Anderson,NOP,61,1674.695,291,729,0.399,122,359,0.34,129,151,0.854,108,187,295,55,33,20,62,113,833,201583
2014-15,Ryan Hollins,SAC,46,441.0783333333333,53,82,0.646,0,0,0.0,31,54,0.574,36,67,103,14,6,19,25,65,137,200797
2014-15,Ryan Kelly,LAL,52,1233.2366666666667,104,309,0.337,45,134,0.336,79,95,0.832,13,133,146,92,30,24,37,118,332,203527
2014-15,Samuel Dalembert,NYK,32,543.55,57,130,0.438,0,0,0.0,14,20,0.7,53,115,168,29,14,41,39,70,128,2223
2014-15,Sean Kilpatrick,MIN,4,71.515,7,20,0.35,4,13,0.308,4,4,1.0,1,5,6,4,3,0,2,3,22,203930
2014-15,Sebastian Telfair,OKC,16,327.0833333333333,46,125,0.368,18,60,0.3,24,34,0.706,2,28,30,45,10,0,18,29,134,2742
2014-15,Serge Ibaka,OKC,64,2115.785,374,786,0.476,77,205,0.376,92,110,0.836,135,364,499,55,30,155,97,194,917,201586
2014-15,Sergey Karasev,BKN,33,555.24,54,134,0.403,16,54,0.296,29,38,0.763,22,44,66,46,23,1,24,45,153,203508
2014-15,Seth Curry,PHX,2,7.8,0,3,0.0,0,1,0.0,0,0,0.0,0,2,2,1,0,0,0,2,0,203552
2014-15,Shabazz Muhammad,MIN,38,865.4233333333333,194,397,0.489,20,51,0.392,104,145,0.717,63,91,154,44,18,7,35,49,512,203498
2014-15,Shabazz Napier,MIA,51,1011.58,87,228,0.382,43,118,0.364,44,56,0.786,17,96,113,130,40,4,81,76,261,203894
2014-15,Shane Larkin,NYK,76,1864.55,187,432,0.433,35,116,0.302,61,78,0.782,29,147,176,226,93,9,83,150,470,203499
2014-15,Shannon Brown,MIA,5,88.76,7,19,0.368,3,7,0.429,3,4,0.75,0,1,1,3,4,0,4,8,20,200769
2014-15,Shaun Livingston,GSW,78,1468.2116666666666,198,396,0.5,0,2,0.0,65,91,0.714,43,140,183,259,49,20,102,110,461,2733
2014-15,Shavlik Randolph,PHX,21,126.24666666666667,9,35,0.257,0,5,0.0,6,12,0.5,16,22,38,4,5,3,3,16,24,101183
2014-15,Shawn Marion,CLE,57,1100.955,119,267,0.446,12,46,0.261,26,34,0.765,64,138,202,51,27,27,33,58,276,1890
2014-15,Shawne Williams,DET,63,1086.6633333333334,121,300,0.403,64,178,0.36,35,40,0.875,36,130,166,44,25,21,30,135,341,200761
2014-15,Shayne Whittington,IND,20,108.16166666666666,19,42,0.452,1,6,0.167,18,23,0.783,10,19,29,6,5,2,5,18,57,203963
2014-15,Shelvin Mack,ATL,55,832.7016666666667,117,292,0.401,40,127,0.315,25,31,0.806,8,71,79,155,30,2,49,32,299,202714
2014-15,Sim Bhullar,SAC,3,2.685,1,2,0.5,0,0,0.0,0,0,0.0,0,1,1,1,0,1,0,0,2,204021
2014-15,Solomon Hill,IND,82,2380.93,251,634,0.396,68,208,0.327,159,193,0.824,70,244,314,184,66,18,115,177,729,203524
2014-15,Spencer Dinwiddie,DET,34,455.1616666666667,51,169,0.302,12,65,0.185,31,34,0.912,4,44,48,104,19,6,33,53,145,203915
2014-15,Spencer Hawes,LAC,73,1274.0533333333333,163,415,0.393,55,176,0.313,44,68,0.647,30,228,258,88,24,53,61,173,425,201150
2014-15,Stephen Curry,GSW,80,2613.2,653,1341,0.487,286,646,0.443,308,337,0.914,56,285,341,619,163,16,249,158,1900,201939
2014-15,Steve Blake,POR,81,1529.1816666666666,122,327,0.373,77,219,0.352,29,41,0.707,16,121,137,288,41,5,104,118,350,2581
2014-15,Steve Novak,OKC,35,197.12833333333333,22,56,0.393,19,48,0.396,0,2,0.0,2,20,22,11,0,2,5,23,63,200779
2014-15,Steven Adams,OKC,70,1770.6166666666666,217,399,0.544,0,2,0.0,103,205,0.502,199,324,523,66,38,86,99,222,537,203500
2014-15,TJ Warren,PHX,40,614.13,113,214,0.528,5,21,0.238,14,19,0.737,41,44,85,25,18,9,27,51,245,203933
2014-15,Taj Gibson,CHI,62,1691.9366666666667,254,506,0.502,0,0,0.0,132,184,0.717,162,234,396,71,36,75,77,162,640,201959
2014-15,Tarik Black,LAL,63,1195.3133333333333,157,273,0.575,0,1,0.0,65,118,0.551,142,226,368,42,19,24,48,158,379,204028
2014-15,Tayshaun Prince,DET,58,1396.7416666666666,177,402,0.44,31,67,0.463,49,65,0.754,52,158,210,93,29,16,35,55,434,2419
2014-15,Terrence Jones,HOU,33,889.4716666666667,158,299,0.528,13,37,0.351,57,94,0.606,78,142,220,36,18,59,37,78,386,203093
2014-15,Terrence Ross,TOR,82,2091.7683333333334,309,753,0.41,145,390,0.372,44,56,0.786,32,194,226,86,53,25,69,136,807,203082
2014-15,Thabo Sefolosha,ATL,52,975.735,104,249,0.418,25,78,0.321,45,58,0.776,53,170,223,75,53,21,38,67,278,200757
2014-15,Thaddeus Young,BKN,76,2433.806666666667,451,968,0.466,38,115,0.33,131,200,0.655,127,284,411,173,124,25,117,171,1071,201152
2014-15,Thomas Robinson,PHI,54,797.69,126,260,0.485,0,2,0.0,56,106,0.528,95,208,303,33,32,20,59,104,308,203080
2014-15,Tiago Splitter,SAS,52,1029.8666666666666,169,303,0.558,0,0,0.0,90,120,0.75,91,161,252,78,35,37,60,103,428,201168
2014-15,Tim Duncan,SAS,77,2226.835,419,819,0.512,2,7,0.286,230,311,0.74,170,534,704,230,63,151,131,165,1070,1495
2014-15,Tim Frazier,POR,11,239.49833333333333,21,61,0.344,5,17,0.294,10,21,0.476,6,22,28,60,8,0,25,26,57,204025
2014-15,Tim Hardaway Jr.,NYK,70,1681.2633333333333,279,717,0.389,121,354,0.342,125,156,0.801,12,144,156,127,20,14,82,119,804,203501
2014-15,Timofey Mozgov,CLE,81,2045.5466666666666,314,566,0.555,2,6,0.333,155,216,0.718,203,388,591,55,33,97,116,227,785,202389
2014-15,Tobias Harris,ORL,68,2369.02,442,949,0.466,87,239,0.364,193,245,0.788,73,357,430,124,69,36,115,134,1164,202699
2014-15,Toney Douglas,NOP,12,176.58333333333334,19,51,0.373,5,18,0.278,8,13,0.615,2,20,22,24,11,4,10,20,51,201962
2014-15,Tony Allen,MEM,63,1647.6816666666666,225,455,0.495,10,29,0.345,79,126,0.627,103,177,280,86,129,30,86,166,539,2754
2014-15,Tony Parker,SAS,68,1952.6483333333333,404,832,0.486,38,89,0.427,130,166,0.783,15,114,129,335,44,2,146,108,976,2225
2014-15,Tony Snell,CHI,72,1412.175,159,371,0.429,73,197,0.371,44,55,0.8,31,145,176,62,32,11,48,86,435,203503
2014-15,Tony Wroten,PHI,30,894.57,175,434,0.403,37,142,0.261,120,180,0.667,22,64,86,157,48,8,113,72,507,203100
2014-15,Toure Murry,UTA,5,18.125,2,5,0.4,0,0,0.0,2,2,1.0,1,0,1,1,1,0,4,2,6,203315
2014-15,Travis Wear,NYK,51,671.9933333333333,84,209,0.402,11,30,0.367,20,26,0.769,31,75,106,40,15,11,35,55,199,204037
2014-15,Trevor Ariza,HOU,82,2930.105,366,910,0.402,194,555,0.35,122,143,0.853,77,382,459,209,152,17,141,186,1048,2772
2014-15,Trevor Booker,UTA,79,1563.78,226,464,0.487,29,84,0.345,86,148,0.581,139,258,397,83,43,41,88,144,567,202344
2014-15,Trey Burke,UTA,76,2287.825,370,1005,0.368,124,390,0.318,109,145,0.752,31,173,204,328,65,15,124,119,973,203504
2014-15,Tristan Thompson,CLE,82,2193.955,267,488,0.547,0,0,0.0,159,248,0.641,274,383,657,39,34,61,83,189,693,202684
2014-15,Troy Daniels,CHA,47,397.39666666666665,61,165,0.37,43,118,0.364,11,13,0.846,8,25,33,22,6,1,20,40,176,203584
2014-15,Ty Lawson,DEN,75,2665.4933333333333,404,926,0.436,70,205,0.341,265,363,0.73,42,192,234,720,92,9,185,128,1143,201951
2014-15,Tyler Ennis,MIL,33,411.42333333333335,52,144,0.361,12,43,0.279,5,7,0.714,7,28,35,73,18,5,42,36,121,203898
2014-15,Tyler Hansbrough,TOR,74,1057.6,86,165,0.521,1,7,0.143,97,139,0.698,106,159,265,21,30,15,20,141,270,201946
2014-15,Tyler Johnson,MIA,32,602.9966666666667,70,167,0.419,18,48,0.375,32,47,0.681,14,67,81,42,33,9,30,42,190,204020
2014-15,Tyler Zeller,BOS,82,1730.725,340,619,0.549,0,0,0.0,153,186,0.823,146,319,465,113,18,52,76,205,833,203092
2014-15,Tyreke Evans,NOP,79,2689.8166666666666,521,1165,0.447,69,227,0.304,202,291,0.694,82,334,416,521,100,37,246,198,1313,201936
2014-15,Tyrus Thomas,MEM,2,6.516666666666667,1,1,1.0,0,0,0.0,2,2,1.0,0,0,0,1,0,0,0,0,4,200748
2014-15,Tyson Chandler,DAL,75,2285.806666666667,293,440,0.666,0,0,0.0,185,257,0.72,294,570,864,84,42,91,105,169,771,2199
2014-15,Udonis Haslem,MIA,62,994.8066666666666,107,239,0.448,2,10,0.2,45,64,0.703,71,187,258,46,21,13,41,113,261,2617
2014-15,Vander Blue,LAL,2,73.71666666666667,9,30,0.3,2,10,0.2,2,5,0.4,2,7,9,8,3,0,6,4,22,203505
2014-15,Victor Claver,POR,10,75.98333333333333,9,20,0.45,6,11,0.545,0,0,0.0,3,17,20,1,1,1,4,12,24,201964
2014-15,Victor Oladipo,ORL,72,2572.725,473,1086,0.436,84,248,0.339,262,320,0.819,51,251,302,295,120,19,204,187,1292,203506
2014-15,Vince Carter,MEM,66,1091.2433333333333,135,406,0.333,69,232,0.297,45,57,0.789,27,106,133,79,43,14,43,102,384,1713
2014-15,Wayne Ellington,LAL,65,1674.655,254,617,0.412,90,243,0.37,52,64,0.813,31,179,210,105,33,2,50,77,650,201961
2014-15,Wesley Johnson,LAL,76,2244.568333333333,286,691,0.414,91,259,0.351,90,112,0.804,67,252,319,124,59,45,87,162,753,202325
2014-15,Wesley Matthews,POR,60,2024.1716666666666,337,752,0.448,173,445,0.389,109,145,0.752,38,184,222,139,77,10,81,132,956,202083
2014-15,Will Barton,DEN,58,983.8633333333333,150,353,0.425,23,85,0.271,74,94,0.787,26,136,162,81,48,19,61,70,397,203115
2014-15,Will Bynum,WAS,7,66.68666666666667,10,31,0.323,0,9,0.0,2,4,0.5,2,4,6,18,1,1,8,9,22,101198
2014-15,Will Cherry,TOR,8,69.42166666666667,5,19,0.263,2,9,0.222,3,6,0.5,1,4,5,8,6,1,4,10,15,203805
2014-15,Willie Green,ORL,52,951.13,118,306,0.386,42,121,0.347,28,34,0.824,14,65,79,68,26,5,48,81,306,2584
2014-15,Wilson Chandler,DEN,78,2471.2183333333332,418,975,0.429,139,406,0.342,110,142,0.775,96,379,475,134,58,29,110,231,1085,201163
2014-15,Xavier Henry,LAL,9,85.56666666666666,3,13,0.231,0,0,0.0,14,24,0.583,2,2,4,3,3,0,3,6,20,202333
2014-15,Zach LaVine,MIN,77,1901.79,286,677,0.422,57,167,0.341,149,177,0.842,27,187,214,276,54,10,193,158,778,203897
2014-15,Zach Randolph,MEM,71,2303.588333333333,454,932,0.487,7,20,0.35,228,298,0.765,225,522,747,153,69,14,156,175,1143,2216
2014-15,Zaza Pachulia,MIL,73,1729.7,240,529,0.454,0,3,0.0,126,160,0.788,197,303,500,178,80,21,133,170,606,2585
2014-15,Zoran Dragic,MIA,16,75.22333333333333,11,30,0.367,3,14,0.214,3,5,0.6,5,3,8,5,2,0,5,6,28,204054
