SEASON,TEAM_NAME,GP,W,L,W_PCT,MIN,FGM,FGA,FG_PCT,FG3M,FG3A,FG3_PCT,FTM,FTA,FT_PCT,OREB,DREB,REB,AST,TOV,STL,BLK,BLKA,PF,PFD,PTS,PLUS_MINUS,TEAM_ID
1996-97,Atlanta Hawks,82,56,26,0.683,4076.4383333333335,2812,6307,0.446,659,1833,0.36,1491,1955,0.763,1021,2350,3371,1557,1228.0,701,427,332,1506,5,7774,446.0,1610612737
1996-97,Boston Celtics,82,15,67,0.183,4110.655,3066,6967,0.44,467,1331,0.351,1649,2199,0.75,1094,2188,3282,1792,1342.0,811,315,557,1779,9,8248,-601.0,1610612738
1996-97,Charlotte Hornets,82,54,28,0.659,4086.335,2988,6341,0.471,591,1382,0.428,1541,1984,0.777,910,2298,3208,2021,1203.0,597,349,335,1628,15,8108,153.0,1610612766
1996-97,Chicago Bulls,82,69,13,0.841,4068.7816666666668,3277,6923,0.473,523,1403,0.373,1381,1848,0.747,1235,2461,3696,2142,1109.0,717,332,286,1507,17,8458,886.0,1610612741
1996-97,Cleveland Cavaliers,82,42,40,0.512,4115.428333333333,2704,5972,0.453,483,1284,0.376,1282,1773,0.723,909,2159,3068,1714,1188.0,657,315,350,1728,20,7173,151.0,1610612739
1996-97,Dallas Mavericks,82,24,58,0.293,4090.83,2812,6451,0.436,429,1315,0.326,1375,1918,0.717,1039,2263,3302,1662,1323.0,654,351,433,1678,15,7428,-522.0,1610612742
1996-97,Denver Nuggets,82,21,61,0.256,4116.966666666666,2934,6687,0.439,636,1711,0.372,1516,1992,0.761,994,2452,3446,1889,1359.0,504,487,453,1669,19,8020,-515.0,1610612743
1996-97,Detroit Pistons,82,54,28,0.659,4090.8883333333333,2827,6095,0.464,582,1499,0.388,1487,1995,0.745,858,2291,3149,1554,1042.0,633,283,281,1524,15,7723,430.0,1610612765
1996-97,Golden State Warriors,82,30,52,0.366,4108.676666666666,2996,6566,0.456,481,1363,0.353,1696,2180,0.778,1086,2258,3344,1821,1410.0,612,359,395,1660,5,8169,-388.0,1610612744
1996-97,Houston Rockets,82,57,25,0.695,4089.153333333333,3037,6484,0.468,671,1839,0.365,1503,1992,0.755,927,2565,3492,2013,1365.0,688,347,365,1506,15,8248,367.0,1610612745
1996-97,Indiana Pacers,82,39,43,0.476,4132.256666666667,2851,6254,0.456,430,1130,0.381,1687,2336,0.722,1029,2389,3418,1750,1338.0,585,394,418,1813,28,7819,80.0,1610612754
1996-97,Los Angeles Clippers,82,36,46,0.439,4123.706666666667,2989,6696,0.446,474,1339,0.354,1517,2074,0.731,1092,2242,3334,1662,1311.0,733,441,419,1864,10,7969,-193.0,1610612746
1996-97,Los Angeles Lakers,82,56,26,0.683,4121.368333333333,3018,6642,0.454,551,1500,0.367,1613,2330,0.692,1092,2414,3506,1844,1222.0,740,575,388,1698,9,8200,350.0,1610612747
1996-97,Miami Heat,82,61,21,0.744,4100.8516666666665,2822,6235,0.453,678,1865,0.364,1454,2022,0.719,957,2401,3358,1735,1306.0,651,439,392,1741,21,7776,450.0,1610612748
1996-97,Milwaukee Bucks,82,33,49,0.402,4078.358333333333,2967,6303,0.471,324,920,0.352,1560,2104,0.741,955,2263,3218,1610,1285.0,634,348,392,1773,11,7818,-155.0,1610612749
1996-97,Minnesota Timberwolves,82,40,42,0.488,4087.5916666666667,2937,6435,0.456,371,1092,0.34,1637,2180,0.751,957,2302,3259,1874,1243.0,618,557,444,1699,13,7882,-121.0,1610612750
1996-97,New Jersey Nets,82,26,56,0.317,4078.4533333333334,2994,7091,0.422,484,1371,0.353,1502,2031,0.74,1410,2376,3786,1726,1290.0,678,481,516,1736,14,7974,-374.0,1610612751
1996-97,New York Knicks,82,57,25,0.695,4125.016666666666,2882,6227,0.463,470,1294,0.363,1585,2119,0.748,973,2516,3489,1809,1462.0,630,378,295,1862,14,7819,256.0,1610612752
1996-97,Orlando Magic,82,45,37,0.549,4087.943333333333,2839,6497,0.437,567,1662,0.341,1474,1975,0.746,1071,2221,3292,1689,1250.0,697,362,417,1564,9,7719,-29.0,1610612753
1996-97,Philadelphia 76ers,82,22,60,0.268,4071.365,3003,6850,0.438,433,1356,0.319,1776,2450,0.725,1267,2355,3622,1695,1437.0,683,394,494,1632,8,8215,-536.0,1610612755
1996-97,Phoenix Suns,82,40,42,0.488,4090.0016666666666,3143,6705,0.469,527,1428,0.369,1618,2125,0.761,916,2376,3292,2067,1180.0,664,322,372,1635,9,8431,54.0,1610612756
1996-97,Portland Trail Blazers,82,49,33,0.598,4111.315,3000,6465,0.464,501,1401,0.358,1613,2261,0.713,1058,2493,3551,1709,1357.0,640,434,428,1767,15,8114,342.0,1610612757
1996-97,Sacramento Kings,82,34,48,0.415,4100.348333333333,2999,6610,0.454,414,1058,0.391,1494,2065,0.723,1100,2306,3406,1799,1332.0,588,362,429,1872,9,7906,-277.0,1610612758
1996-97,San Antonio Spurs,82,20,62,0.244,4074.1666666666665,2826,6390,0.442,378,1180,0.32,1386,1929,0.719,1101,2129,3230,1661,1243.0,646,431,448,1628,13,7416,-646.0,1610612759
1996-97,Seattle SuperSonics,82,57,25,0.695,4093.4416666666666,2994,6413,0.467,559,1583,0.353,1725,2295,0.752,1010,2270,3280,1929,1231.0,904,388,423,1699,14,8272,633.0,1610612760
1996-97,Toronto Raptors,82,30,52,0.366,4091.786666666667,2897,6632,0.437,589,1624,0.363,1446,2008,0.72,1135,2254,3389,1714,1347.0,723,517,442,1801,7,7829,-256.0,1610612761
1996-97,Utah Jazz,82,64,18,0.78,4122.558333333333,3131,6216,0.504,334,902,0.37,1858,2416,0.769,889,2410,3299,2199,1259.0,748,418,373,1857,18,8454,721.0,1610612762
1996-97,Vancouver Grizzlies,82,14,68,0.171,4075.805,2819,6453,0.437,445,1274,0.349,1230,1734,0.709,1023,2155,3178,1862,1302.0,658,464,461,1641,5,7313,-839.0,1610612763
1996-97,Washington Bullets,82,44,38,0.537,4100.316666666667,3208,6678,0.48,331,1001,0.331,1400,1979,0.707,1011,2419,3430,1921,1290.0,715,402,334,1694,16,8147,133.0,1610612764
1997-98,Atlanta Hawks,82,50,32,0.61,3976.0,2887,6352,0.455,337,1016,0.332,1749,2314,0.756,1106,2416,3522,1569,1214.0,648,491,372,1671,13,7860,288.0,1610612737
1997-98,Boston Celtics,82,36,46,0.439,3946.0,3012,6934,0.434,415,1249,0.332,1425,1964,0.726,1196,2044,3240,1816,1330.0,987,366,406,2200,15,7864,-215.0,1610612738
1997-98,Charlotte Hornets,82,51,31,0.622,3956.0,2968,6344,0.468,346,904,0.383,1641,2186,0.751,985,2341,3326,1941,1247.0,691,312,372,1757,25,7923,164.0,1610612766
1997-98,Chicago Bulls,82,62,20,0.756,3970.8,3064,6801,0.451,311,962,0.323,1492,2009,0.743,1243,2438,3681,1952,1178.0,695,353,356,1690,13,7931,583.0,1610612741
1997-98,Cleveland Cavaliers,82,47,35,0.573,3965.975,2817,6207,0.454,298,801,0.372,1653,2187,0.756,955,2331,3286,1894,1422.0,814,419,455,1939,11,7585,224.0,1610612739
1997-98,Dallas Mavericks,82,20,62,0.244,3983.9466666666667,2882,6753,0.427,422,1183,0.357,1308,1738,0.753,1008,2280,3288,1535,1183.0,646,466,374,1642,13,7494,-501.0,1610612742
1997-98,Denver Nuggets,82,11,71,0.134,3945.885,2677,6410,0.418,288,893,0.323,1658,2147,0.772,1040,2157,3197,1547,1312.0,664,392,535,1936,16,7300,-966.0,1610612743
1997-98,Detroit Pistons,82,37,45,0.451,3994.585,2862,6373,0.449,293,938,0.312,1704,2288,0.745,1044,2338,3382,1597,1198.0,678,344,382,1799,13,7721,129.0,1610612765
1997-98,Golden State Warriors,82,19,63,0.232,3966.0,2845,6883,0.413,189,696,0.272,1358,1912,0.71,1288,2473,3761,1708,1369.0,621,448,478,1858,8,7237,-748.0,1610612744
1997-98,Houston Rockets,82,41,41,0.5,3968.8366666666666,2946,6513,0.452,573,1670,0.343,1634,2120,0.771,987,2350,3337,1799,1298.0,686,294,365,1653,14,8099,-62.0,1610612745
1997-98,Indiana Pacers,82,58,24,0.707,3966.0,2921,6223,0.469,401,1029,0.39,1631,2136,0.764,874,2348,3222,1889,1168.0,645,368,366,1858,10,7874,499.0,1610612754
1997-98,Los Angeles Clippers,82,17,65,0.207,3956.0,2930,6690,0.438,525,1468,0.358,1480,2047,0.723,1040,2276,3316,1533,1323.0,625,456,412,1827,9,7865,-604.0,1610612746
1997-98,Los Angeles Lakers,82,61,21,0.744,3965.9816666666666,3146,6536,0.481,497,1415,0.351,1861,2741,0.679,1079,2471,3550,2009,1256.0,734,556,423,1859,9,8650,635.0,1610612747
1997-98,Miami Heat,82,55,27,0.671,3951.0,2850,6327,0.45,548,1544,0.355,1539,2082,0.739,1028,2419,3447,1758,1226.0,665,429,370,1982,14,7787,404.0,1610612748
1997-98,Milwaukee Bucks,82,36,46,0.439,3986.0,2918,6399,0.456,249,703,0.354,1663,2167,0.767,1035,2236,3271,1649,1383.0,733,357,398,1915,16,7748,-157.0,1610612749
1997-98,Minnesota Timberwolves,82,45,37,0.549,3989.8966666666665,3157,6844,0.461,303,873,0.347,1673,2253,0.743,1063,2429,3492,2068,1138.0,639,427,412,1878,21,8290,58.0,1610612750
1997-98,New Jersey Nets,82,43,39,0.524,3976.0,3055,6928,0.441,310,937,0.331,1750,2351,0.744,1344,2137,3481,1685,1180.0,777,314,515,1917,21,8170,129.0,1610612751
1997-98,New York Knicks,82,43,39,0.524,3966.0,2861,6407,0.447,382,1139,0.335,1399,1812,0.772,977,2433,3410,1784,1247.0,634,278,313,1946,21,7503,202.0,1610612752
1997-98,Orlando Magic,82,41,41,0.5,3969.55,2771,6455,0.429,293,907,0.323,1552,2138,0.726,1178,2203,3381,1694,1258.0,649,441,388,1614,17,7387,-88.0,1610612753
1997-98,Philadelphia 76ers,82,31,51,0.378,3950.975,2837,6407,0.443,243,810,0.3,1734,2352,0.737,1125,2292,3417,1729,1356.0,729,489,507,1877,8,7651,-196.0,1610612755
1997-98,Phoenix Suns,82,56,26,0.683,3996.661666666667,3138,6710,0.468,431,1211,0.356,1459,1948,0.749,991,2452,3443,2124,1236.0,756,429,323,1763,16,8166,425.0,1610612756
1997-98,Portland Trail Blazers,82,46,36,0.561,3966.0,2885,6397,0.451,324,1047,0.309,1640,2226,0.737,1086,2522,3608,1766,1383.0,585,464,445,1859,14,7734,115.0,1610612757
1997-98,Sacramento Kings,82,27,55,0.329,3946.0,2957,6684,0.442,283,806,0.351,1440,2096,0.687,1094,2304,3398,1836,1271.0,596,420,466,1810,4,7637,-458.0,1610612758
1997-98,San Antonio Spurs,82,56,26,0.683,3966.0,2898,6187,0.468,302,863,0.35,1489,2164,0.688,984,2638,3622,1839,1318.0,516,568,378,1731,13,7587,327.0,1610612759
1997-98,Seattle SuperSonics,82,61,21,0.744,3952.798333333333,3050,6456,0.472,620,1570,0.395,1521,2109,0.721,931,2223,3154,1985,1145.0,804,375,403,1806,17,8241,588.0,1610612760
1997-98,Toronto Raptors,82,16,66,0.195,3986.0,2964,6812,0.435,371,1085,0.342,1479,2060,0.718,1187,2149,3336,1746,1371.0,769,663,514,1851,9,7778,-760.0,1610612761
1997-98,Utah Jazz,82,62,20,0.756,3955.9983333333334,2993,6113,0.49,249,670,0.372,2044,2644,0.773,962,2405,3367,2070,1259.0,648,412,423,1961,24,8279,536.0,1610612762
1997-98,Vancouver Grizzlies,82,19,63,0.232,3966.0,3006,6567,0.458,325,898,0.362,1586,2145,0.739,1081,2313,3394,1960,1405.0,614,349,538,1809,16,7923,-599.0,1610612763
1997-98,Washington Wizards,82,42,40,0.512,3961.0,3080,6811,0.452,320,944,0.339,1489,2156,0.691,1121,2341,3462,1900,1156.0,689,379,372,1839,16,7969,48.0,1610612764
1998-99,Atlanta Hawks,50,31,19,0.62,2414.55,1539,3759,0.409,197,644,0.306,1040,1422,0.731,675,1499,2174,781,744.0,346,260,243,986,8,4315,145.0,1610612737
1998-99,Boston Celtics,50,19,31,0.38,2429.9983333333334,1816,4164,0.436,273,758,0.36,745,1077,0.692,680,1458,2138,1073,807.0,453,254,253,1193,6,4650,-93.0,1610612738
1998-99,Charlotte Hornets,50,26,24,0.52,2430.0,1671,3718,0.449,268,735,0.365,1034,1384,0.747,480,1493,1973,1110,796.0,443,247,232,1101,6,4644,-5.0,1610612766
1998-99,Chicago Bulls,50,13,37,0.26,2414.2683333333334,1539,3836,0.401,177,611,0.29,840,1185,0.709,573,1394,1967,1017,774.0,436,169,285,1112,6,4095,-473.0,1610612741
1998-99,Cleveland Cavaliers,50,22,28,0.44,2410.0,1562,3561,0.439,182,534,0.341,1016,1356,0.749,472,1316,1788,1093,785.0,452,203,282,1208,6,4322,-86.0,1610612739
1998-99,Dallas Mavericks,50,19,31,0.38,2414.6666666666665,1749,4032,0.434,202,595,0.339,881,1210,0.728,645,1478,2123,921,692.0,352,292,244,1065,6,4581,-120.0,1610612742
1998-99,Denver Nuggets,50,14,36,0.28,2405.0,1681,3989,0.421,302,922,0.328,1010,1325,0.762,647,1391,2038,969,739.0,376,275,274,1145,6,4674,-330.0,1610612743
1998-99,Detroit Pistons,50,29,21,0.58,2409.7166666666667,1660,3716,0.447,248,679,0.365,950,1283,0.74,605,1412,2017,1009,790.0,444,208,225,1139,6,4518,171.0,1610612765
1998-99,Golden State Warriors,50,21,29,0.42,2425.0,1730,4173,0.415,162,565,0.287,794,1175,0.676,816,1559,2375,1037,768.0,414,221,304,1270,6,4416,-125.0,1610612744
1998-99,Houston Rockets,50,31,19,0.62,2415.0,1755,3798,0.462,336,914,0.368,865,1187,0.729,536,1540,2076,1058,812.0,386,260,245,960,3,4711,116.0,1610612745
1998-99,Indiana Pacers,50,33,17,0.66,2420.0,1731,3866,0.448,294,799,0.368,977,1228,0.796,574,1452,2026,1005,649.0,316,223,238,1082,10,4733,187.0,1610612754
1998-99,Los Angeles Clippers,50,9,41,0.18,2425.0,1711,4007,0.427,214,668,0.32,883,1225,0.721,665,1293,1958,820,796.0,424,236,289,1223,5,4519,-441.0,1610612746
1998-99,Los Angeles Lakers,50,31,19,0.62,2410.0,1841,3935,0.468,241,685,0.352,1027,1503,0.683,617,1482,2099,1095,754.0,389,287,196,1231,4,4950,151.0,1610612747
1998-99,Miami Heat,50,33,17,0.66,2405.0,1616,3565,0.453,289,804,0.359,928,1262,0.735,503,1512,2015,1019,744.0,327,304,188,1035,5,4449,248.0,1610612748
1998-99,Milwaukee Bucks,50,28,22,0.56,2410.0,1753,3818,0.459,231,619,0.373,847,1155,0.733,570,1369,1939,1030,719.0,442,202,194,1141,9,4584,83.0,1610612749
1998-99,Minnesota Timberwolves,50,25,25,0.5,2405.0,1838,4327,0.425,122,410,0.298,849,1143,0.743,754,1392,2146,1218,641.0,426,272,262,1185,5,4647,19.0,1610612750
1998-99,New Jersey Nets,50,16,34,0.32,2410.0,1690,4158,0.406,225,679,0.331,962,1251,0.769,715,1436,2151,922,750.0,491,273,326,1132,8,4567,-189.0,1610612751
1998-99,New York Knicks,50,27,23,0.54,2420.0,1610,3704,0.435,208,589,0.353,892,1218,0.732,551,1510,2061,963,804.0,395,262,215,1140,8,4320,51.0,1610612752
1998-99,Orlando Magic,50,33,17,0.66,2410.0,1687,3943,0.428,223,675,0.33,876,1252,0.7,688,1445,2133,1067,819.0,496,213,239,935,5,4473,130.0,1610612753
1998-99,Philadelphia 76ers,50,28,22,0.56,2430.0,1656,3883,0.426,98,371,0.264,1073,1486,0.722,729,1428,2157,934,822.0,542,271,263,1152,6,4483,103.0,1610612755
1998-99,Phoenix Suns,50,27,23,0.54,2410.0,1797,4004,0.449,261,702,0.372,924,1215,0.76,598,1418,2016,1249,681.0,444,200,205,1022,6,4779,113.0,1610612756
1998-99,Portland Trail Blazers,50,35,15,0.7,2434.6666666666665,1747,3956,0.442,246,675,0.364,1002,1349,0.743,646,1570,2216,1073,771.0,411,290,244,1126,8,4742,318.0,1610612757
1998-99,Sacramento Kings,50,27,23,0.54,2440.0,1918,4307,0.445,290,943,0.308,883,1293,0.683,706,1573,2279,1129,842.0,444,232,221,1016,8,5009,-21.0,1610612758
1998-99,San Antonio Spurs,50,37,13,0.74,2415.0,1740,3812,0.456,172,521,0.33,988,1415,0.698,614,1584,2198,1101,759.0,421,351,243,1010,6,4640,403.0,1610612759
1998-99,Seattle SuperSonics,50,25,25,0.5,2420.0,1756,3976,0.442,309,899,0.344,922,1354,0.681,676,1422,2098,1087,765.0,393,201,224,1047,9,4743,-54.0,1610612760
1998-99,Toronto Raptors,50,23,27,0.46,2415.0,1660,3940,0.421,226,662,0.341,1011,1330,0.76,712,1447,2159,1036,799.0,439,321,258,1139,11,4557,-82.0,1610612761
1998-99,Utah Jazz,50,37,13,0.74,2435.0,1684,3620,0.465,140,388,0.361,1158,1510,0.767,555,1508,2063,1204,814.0,398,276,264,1133,7,4666,326.0,1610612762
1998-99,Vancouver Grizzlies,50,8,42,0.16,2435.0,1643,3838,0.428,148,453,0.327,1009,1408,0.717,650,1359,2009,963,848.0,420,199,328,1123,8,4443,-433.0,1610612763
1998-99,Washington Wizards,50,18,32,0.36,2410.0,1768,3969,0.445,179,580,0.309,845,1198,0.705,595,1403,1998,1064,736.0,393,193,212,1151,5,4560,-112.0,1610612764
1999-00,Atlanta Hawks,82,28,54,0.341,3966.0,3000,6807,0.441,258,814,0.317,1477,1987,0.743,1146,2570,3716,1548,1266.0,500,461,404,1718,135,7735,-441.0,1610612737
1999-00,Boston Celtics,82,35,47,0.427,3946.0,3054,6880,0.444,417,1260,0.331,1621,2175,0.745,1108,2420,3528,1741,1259.0,795,286,473,2223,188,8146,-62.0,1610612738
1999-00,Charlotte Hornets,82,49,33,0.598,3956.0,2935,6533,0.449,339,1001,0.339,1863,2458,0.758,884,2635,3519,2023,1206.0,732,480,421,1670,178,8072,219.0,1610612766
1999-00,Chicago Bulls,82,17,65,0.207,3960.75,2565,6180,0.415,340,1033,0.329,1482,2089,0.709,1032,2323,3355,1636,1557.0,646,383,461,1908,213,6952,-771.0,1610612741
1999-00,Cleveland Cavaliers,82,32,50,0.39,3971.0,2977,6734,0.442,343,919,0.373,1653,2205,0.75,1009,2500,3509,1941,1427.0,715,363,500,2219,246,7950,-287.0,1610612739
1999-00,Dallas Mavericks,82,40,42,0.488,3946.0,3195,7047,0.453,519,1326,0.391,1407,1751,0.804,931,2444,3375,1810,1124.0,592,416,416,1770,309,8316,-47.0,1610612742
1999-00,Denver Nuggets,82,35,47,0.427,3971.0,3057,6911,0.442,470,1397,0.336,1531,2116,0.724,1073,2590,3663,1911,1281.0,554,618,462,1962,202,8115,-174.0,1610612743
1999-00,Detroit Pistons,82,42,40,0.512,3966.0,3044,6634,0.459,439,1223,0.359,1956,2506,0.781,917,2458,3375,1707,1288.0,665,273,396,2011,285,8483,118.0,1610612765
1999-00,Golden State Warriors,82,19,63,0.232,3951.0,2996,7140,0.42,345,1069,0.323,1497,2147,0.697,1300,2438,3738,1851,1302.0,731,356,495,2043,160,7834,-678.0,1610612744
1999-00,Houston Rockets,82,34,48,0.415,3966.0,3001,6664,0.45,581,1625,0.358,1573,2145,0.733,1008,2586,3594,1774,1425.0,613,438,433,1663,148,8156,-71.0,1610612745
1999-00,Indiana Pacers,82,56,26,0.683,3946.0,3047,6640,0.459,583,1487,0.392,1629,2008,0.811,842,2612,3454,1857,1159.0,559,422,323,1786,190,8306,377.0,1610612754
1999-00,Los Angeles Clippers,82,15,67,0.183,3940.483333333333,2877,6757,0.426,429,1267,0.339,1363,1826,0.746,955,2377,3332,1479,1325.0,578,494,377,1821,164,7546,-945.0,1610612746
1999-00,Los Angeles Lakers,82,67,15,0.817,3961.0,3137,6836,0.459,344,1047,0.329,1649,2368,0.696,1117,2738,3855,1921,1143.0,613,534,345,1841,206,8267,701.0,1610612747
1999-00,Miami Heat,82,52,30,0.634,3966.0,2974,6462,0.46,446,1202,0.371,1345,1827,0.736,921,2619,3540,1931,1231.0,582,524,364,1947,172,7739,255.0,1610612748
1999-00,Milwaukee Bucks,82,42,40,0.512,3971.0,3174,6827,0.465,394,1069,0.369,1558,1982,0.786,1016,2373,3389,1852,1230.0,671,381,340,2020,184,8300,18.0,1610612749
1999-00,Minnesota Timberwolves,82,50,32,0.61,3981.0,3226,6910,0.467,248,716,0.346,1379,1769,0.78,1016,2471,3487,2205,1139.0,622,444,344,1913,187,8079,207.0,1610612750
1999-00,New Jersey Nets,82,31,51,0.378,3966.0,2979,6881,0.433,477,1374,0.347,1601,2041,0.784,1040,2315,3355,1688,1119.0,720,393,469,1913,197,8036,-85.0,1610612751
1999-00,New York Knicks,82,50,32,0.61,3966.0,2897,6374,0.455,351,937,0.375,1410,1805,0.781,802,2521,3323,1588,1201.0,515,349,354,1983,227,7555,120.0,1610612752
1999-00,Orlando Magic,82,41,41,0.5,3951.0,3169,7014,0.452,294,870,0.338,1574,2142,0.735,1145,2540,3685,1709,1443.0,743,467,475,1967,230,8206,56.0,1610612753
1999-00,Philadelphia 76ers,82,49,33,0.598,3966.0,2993,6776,0.442,208,643,0.323,1577,2226,0.708,1147,2468,3615,1817,1284.0,791,386,531,1939,202,7771,110.0,1610612755
1999-00,Phoenix Suns,82,53,29,0.646,3961.0,3093,6771,0.457,458,1246,0.368,1467,1934,0.759,1022,2558,3580,2098,1368.0,744,433,427,1973,225,8111,428.0,1610612756
1999-00,Portland Trail Blazers,82,59,23,0.72,3956.0,3021,6430,0.47,407,1128,0.361,1542,2029,0.76,966,2560,3526,1925,1243.0,633,396,350,1865,140,7991,525.0,1610612757
1999-00,Sacramento Kings,82,44,38,0.537,3960.733333333333,3276,7288,0.45,534,1656,0.322,1521,2017,0.754,1056,2635,3691,1953,1325.0,787,381,404,1729,213,8607,239.0,1610612758
1999-00,San Antonio Spurs,82,53,29,0.646,3971.0,2952,6393,0.462,330,882,0.374,1652,2214,0.746,927,2666,3593,1819,1233.0,614,551,429,1716,163,7886,487.0,1610612759
1999-00,Seattle SuperSonics,82,45,37,0.549,3956.0,3108,6946,0.447,546,1611,0.339,1363,1960,0.695,1042,2483,3525,1878,1152.0,657,345,433,1776,180,8125,78.0,1610612760
1999-00,Toronto Raptors,82,45,37,0.549,3951.0,2980,6882,0.433,425,1171,0.363,1583,2068,0.765,1098,2449,3547,1947,1137.0,666,544,434,1989,163,7968,-13.0,1610612761
1999-00,Utah Jazz,82,55,27,0.671,3951.0,2962,6380,0.464,329,854,0.385,1661,2150,0.773,936,2426,3362,2041,1220.0,629,446,411,2013,233,7914,366.0,1610612762
1999-00,Vancouver Grizzlies,82,22,60,0.268,3971.0,2892,6441,0.449,324,898,0.361,1594,2060,0.774,1005,2324,3329,1700,1381.0,608,346,519,1881,193,7702,-461.0,1610612763
1999-00,Washington Wizards,82,29,53,0.354,3961.0,3009,6680,0.45,335,890,0.376,1566,2107,0.743,1064,2438,3502,1771,1320.0,593,383,503,2149,219,7919,-269.0,1610612764
2000-01,Atlanta Hawks,82,25,57,0.305,3946.0,2876,6668,0.431,333,933,0.357,1374,1811,0.759,1028,2490,3518,1559,1368.0,634,387,513,1863,0,7459,-427.0,1610612737
2000-01,Boston Celtics,82,36,46,0.439,3966.0,2773,6485,0.428,592,1633,0.363,1621,2190,0.74,897,2367,3264,1708,1285.0,769,336,440,1952,0,7759,-175.0,1610612738
2000-01,Charlotte Hornets,82,46,36,0.561,3975.995,2800,6501,0.431,340,984,0.346,1599,2146,0.745,1033,2608,3641,1900,1183.0,665,455,376,1753,0,7539,172.0,1610612766
2000-01,Chicago Bulls,82,15,67,0.183,3971.0,2721,6411,0.424,329,950,0.346,1410,1909,0.739,926,2260,3186,1810,1292.0,675,379,426,1902,0,7181,-746.0,1610612741
2000-01,Cleveland Cavaliers,82,30,52,0.366,3966.0,2890,6532,0.442,220,659,0.334,1561,2040,0.765,1015,2440,3455,1708,1350.0,642,436,542,1904,0,7561,-348.0,1610612739
2000-01,Dallas Mavericks,82,53,29,0.646,3961.0,3085,6716,0.459,517,1357,0.381,1552,1954,0.794,831,2571,3402,1740,1141.0,618,492,379,1907,0,8239,351.0,1610612742
2000-01,Denver Nuggets,82,40,42,0.488,3956.0,2979,6877,0.433,512,1444,0.355,1446,1962,0.737,1044,2583,3627,1970,1136.0,552,538,497,1820,0,7916,-202.0,1610612743
2000-01,Detroit Pistons,82,32,50,0.39,3971.0,2919,6880,0.424,389,1112,0.35,1610,2233,0.721,1108,2626,3734,1629,1304.0,613,447,397,1955,0,7837,-139.0,1610612765
2000-01,Golden State Warriors,82,17,65,0.207,3956.0,2937,7175,0.409,282,964,0.293,1428,2024,0.706,1345,2385,3730,1788,1301.0,742,410,494,1727,0,7584,-742.0,1610612744
2000-01,Houston Rockets,82,45,37,0.549,3966.0,2943,6494,0.453,504,1412,0.357,1582,2086,0.758,919,2524,3443,1613,1204.0,587,358,400,1657,0,7972,188.0,1610612745
2000-01,Indiana Pacers,82,41,41,0.5,3996.0,2828,6431,0.44,396,1159,0.342,1539,2009,0.766,921,2595,3516,1763,1244.0,563,487,387,1926,0,7591,-16.0,1610612754
2000-01,Los Angeles Clippers,82,31,51,0.378,4006.0,2896,6467,0.448,360,1063,0.339,1429,2061,0.693,962,2559,3521,1585,1293.0,490,513,412,1775,0,7581,-237.0,1610612746
2000-01,Los Angeles Lakers,82,56,26,0.683,3981.0,3109,6685,0.465,439,1275,0.344,1594,2333,0.683,1085,2583,3668,1888,1184.0,564,490,324,1872,0,8251,277.0,1610612747
2000-01,Miami Heat,82,50,32,0.61,3976.0,2694,6258,0.43,478,1384,0.345,1423,1874,0.759,813,2435,3248,1630,1122.0,633,304,424,1726,0,7289,188.0,1610612748
2000-01,Milwaukee Bucks,82,52,30,0.634,3956.0,3112,6798,0.458,562,1481,0.379,1474,1874,0.787,975,2500,3475,1844,1123.0,672,386,351,1928,0,8260,318.0,1610612749
2000-01,Minnesota Timberwolves,82,47,35,0.573,3966.0,3148,6871,0.458,322,901,0.357,1364,1737,0.785,1002,2470,3472,2083,1136.0,682,456,358,1900,0,7982,111.0,1610612750
2000-01,New Jersey Nets,82,26,56,0.317,3945.645,2781,6550,0.425,361,1084,0.333,1629,2146,0.759,909,2337,3246,1603,1208.0,649,407,522,1982,0,7552,-414.0,1610612751
2000-01,New York Knicks,82,48,34,0.585,3981.0,2755,6198,0.444,391,1115,0.351,1374,1727,0.796,773,2524,3297,1520,1189.0,545,346,338,1863,0,7275,216.0,1610612752
2000-01,Orlando Magic,82,43,39,0.524,3991.0,3013,6873,0.438,490,1346,0.364,1475,2067,0.714,1069,2450,3519,1803,1245.0,674,481,440,2071,0,7991,81.0,1610612753
2000-01,Philadelphia 76ers,82,56,26,0.683,3971.1666666666665,2902,6487,0.447,262,803,0.326,1697,2277,0.745,1075,2600,3675,1692,1292.0,690,408,458,1673,0,7763,351.0,1610612755
2000-01,Phoenix Suns,82,51,31,0.622,3961.0,2944,6757,0.436,332,1054,0.315,1490,1973,0.755,970,2529,3499,1905,1251.0,775,429,416,1864,0,7710,181.0,1610612756
2000-01,Portland Trail Blazers,82,50,32,0.61,3955.65,3004,6417,0.468,369,1057,0.349,1447,1899,0.762,959,2481,3440,1963,1257.0,672,419,324,1745,0,7824,344.0,1610612757
2000-01,Sacramento Kings,82,55,27,0.671,4016.0,3132,6969,0.449,479,1353,0.354,1600,2075,0.771,987,2705,3692,1852,1221.0,793,432,476,1596,0,8343,477.0,1610612758
2000-01,San Antonio Spurs,82,58,24,0.707,3966.0,2884,6262,0.461,445,1094,0.407,1673,2340,0.715,902,2712,3614,1778,1145.0,568,576,426,1551,0,7886,636.0,1610612759
2000-01,Seattle SuperSonics,82,44,38,0.537,3961.0,3029,6649,0.456,466,1169,0.399,1454,1986,0.732,999,2422,3421,1792,1252.0,657,409,510,1733,0,7978,2.0,1610612760
2000-01,Toronto Raptors,82,47,35,0.573,3990.9683333333332,3048,6972,0.437,429,1164,0.369,1482,1985,0.747,1118,2529,3647,2004,1080.0,599,519,439,1745,0,8007,185.0,1610612761
2000-01,Utah Jazz,82,53,29,0.646,3955.9683333333332,2960,6289,0.471,325,852,0.381,1714,2280,0.752,943,2383,3326,2111,1297.0,661,463,453,2108,0,7959,385.0,1610612762
2000-01,Vancouver Grizzlies,82,23,59,0.28,3956.0,2870,6539,0.439,325,947,0.343,1457,1892,0.77,894,2431,3325,1899,1291.0,586,359,476,1733,0,7522,-470.0,1610612763
2000-01,Washington Wizards,82,19,63,0.232,3936.0,2833,6453,0.439,275,848,0.324,1704,2245,0.759,1016,2370,3386,1647,1391.0,630,383,511,1913,0,7645,-547.0,1610612764
2001-02,Atlanta Hawks,82,33,49,0.402,3955.1116666666667,2901,6610,0.439,423,1194,0.354,1486,1942,0.765,955,2445,3400,1655,1274.0,666,349,508,1702,9,7711,-347.0,1610612737
2001-02,Boston Celtics,82,49,33,0.598,3966.0,2852,6731,0.424,699,1946,0.359,1498,1960,0.764,891,2570,3461,1722,1114.0,793,292,476,1776,3,7901,181.0,1610612738
2001-02,Charlotte Hornets,82,44,38,0.537,3951.2,2893,6580,0.44,346,994,0.348,1568,2105,0.745,1059,2505,3564,1759,1150.0,653,456,422,1747,15,7700,79.0,1610612766
2001-02,Chicago Bulls,82,21,61,0.256,3960.733333333333,2811,6491,0.433,300,868,0.346,1413,1958,0.722,924,2359,3283,1817,1252.0,633,361,399,1834,13,7335,-700.0,1610612741
2001-02,Cleveland Cavaliers,82,29,53,0.354,3971.0,2948,6582,0.448,387,1026,0.377,1529,1980,0.772,968,2483,3451,1891,1196.0,572,470,459,1752,10,7812,-273.0,1610612739
2001-02,Dallas Mavericks,82,57,25,0.695,3976.25,3200,6930,0.462,621,1645,0.378,1608,1994,0.806,918,2568,3486,1811,992.0,581,392,378,1842,8,8629,349.0,1610612742
2001-02,Denver Nuggets,82,27,55,0.329,3961.0,2915,6870,0.424,423,1285,0.329,1306,1756,0.744,1117,2310,3427,1817,1205.0,613,462,560,1873,9,7559,-477.0,1610612743
2001-02,Detroit Pistons,82,50,32,0.61,3936.0,2845,6301,0.452,567,1509,0.376,1478,1954,0.756,811,2366,3177,1765,1193.0,648,565,335,1695,6,7735,175.0,1610612765
2001-02,Golden State Warriors,82,21,61,0.256,3955.866666666667,2998,6989,0.429,320,994,0.322,1693,2344,0.722,1334,2493,3827,1706,1378.0,650,523,516,1884,19,8009,-443.0,1610612744
2001-02,Houston Rockets,82,28,54,0.341,3995.95,2837,6629,0.428,496,1480,0.335,1402,1893,0.741,1025,2411,3436,1482,1156.0,537,445,415,1476,11,7572,-401.0,1610612745
2001-02,Indiana Pacers,82,42,40,0.512,3981.0666666666666,2935,6580,0.446,405,1195,0.339,1663,2155,0.772,930,2568,3498,1884,1249.0,658,436,466,1876,14,7938,22.0,1610612754
2001-02,Los Angeles Clippers,82,39,43,0.476,3961.0,2970,6668,0.445,408,1147,0.356,1498,2026,0.739,1083,2474,3557,1714,1214.0,510,540,439,1624,6,7846,-38.0,1610612746
2001-02,Los Angeles Lakers,82,58,24,0.707,3956.0,3150,6840,0.461,510,1439,0.354,1494,2136,0.699,1022,2607,3629,1882,1040.0,625,478,354,1823,8,8304,584.0,1610612747
2001-02,Memphis Grizzlies,82,23,59,0.28,3956.0,2851,6535,0.436,336,1096,0.307,1334,1883,0.708,984,2413,3397,1785,1344.0,646,488,457,1571,8,7372,-610.0,1610612763
2001-02,Miami Heat,82,36,46,0.439,3986.0,2801,6382,0.439,312,899,0.347,1236,1708,0.724,902,2544,3446,1664,1217.0,547,448,353,1846,14,7150,-126.0,1610612748
2001-02,Milwaukee Bucks,82,41,41,0.5,3980.766666666667,3041,6577,0.462,593,1583,0.375,1321,1767,0.748,841,2557,3398,1847,1157.0,596,388,361,1788,9,7996,-18.0,1610612749
2001-02,Minnesota Timberwolves,82,50,32,0.61,3961.0,3175,6887,0.461,396,1047,0.378,1399,1754,0.798,1059,2562,3621,1993,1097.0,524,427,407,1739,7,8145,277.0,1610612750
2001-02,New Jersey Nets,82,52,30,0.634,3966.0,3042,6816,0.446,403,1194,0.338,1402,1907,0.735,1039,2515,3554,1990,1189.0,716,490,439,1734,9,7889,341.0,1610612751
2001-02,New York Knicks,82,30,52,0.366,3961.0,2817,6520,0.432,474,1344,0.353,1406,1786,0.787,876,2458,3334,1720,1192.0,558,288,385,1800,14,7514,-327.0,1610612752
2001-02,Orlando Magic,82,44,38,0.537,3966.0,3087,6892,0.448,620,1660,0.373,1446,1917,0.754,941,2439,3380,1804,1118.0,663,383,383,1700,5,8240,129.0,1610612753
2001-02,Philadelphia 76ers,82,43,39,0.524,3946.0,2804,6436,0.436,214,715,0.299,1639,2104,0.779,1092,2534,3626,1638,1256.0,705,363,458,1644,13,7461,131.0,1610612755
2001-02,Phoenix Suns,82,36,46,0.439,3965.95,3097,6934,0.447,358,1096,0.327,1250,1630,0.767,1072,2430,3502,1838,1205.0,668,401,475,1785,9,7802,-56.0,1610612756
2001-02,Portland Trail Blazers,82,49,33,0.598,3966.0,3004,6671,0.45,466,1318,0.354,1451,1901,0.763,1085,2444,3529,1926,1172.0,702,368,410,1613,7,7925,245.0,1610612757
2001-02,Sacramento Kings,82,61,21,0.744,3950.745,3267,7003,0.467,426,1160,0.367,1618,2154,0.751,1013,2702,3715,1959,1128.0,741,375,387,1560,9,8578,624.0,1610612758
2001-02,San Antonio Spurs,82,58,24,0.707,3971.0,2913,6363,0.458,438,1211,0.362,1668,2249,0.742,907,2566,3473,1643,1180.0,625,537,428,1575,8,7932,509.0,1610612759
2001-02,Seattle SuperSonics,82,45,37,0.549,3966.0,3131,6681,0.469,489,1292,0.378,1263,1672,0.755,968,2333,3301,1926,1124.0,698,364,400,1732,6,8014,248.0,1610612760
2001-02,Toronto Raptors,82,42,40,0.512,3951.0,2919,6727,0.434,387,1109,0.349,1269,1717,0.739,1114,2336,3450,1779,1174.0,688,458,393,1771,9,7494,-36.0,1610612761
2001-02,Utah Jazz,82,44,38,0.537,3966.0,2869,6374,0.45,280,842,0.333,1853,2430,0.763,1109,2349,3458,1999,1353.0,749,523,548,1971,8,7871,73.0,1610612762
2001-02,Washington Wizards,82,37,45,0.451,3946.0,2938,6663,0.441,305,786,0.388,1428,1866,0.765,1055,2393,3448,1714,1068.0,570,354,414,1763,7,7609,-115.0,1610612764
2002-03,Atlanta Hawks,82,35,47,0.427,3981.1666666666665,2859,6434,0.444,402,1141,0.352,1594,2011,0.793,937,2558,3495,1679,1367.0,611,473,409,1783,8,7714,-292.0,1610612737
2002-03,Boston Celtics,82,44,38,0.537,3966.0,2700,6509,0.415,719,2155,0.334,1480,1994,0.742,849,2471,3320,1575,1147.0,720,303,367,1758,4,7599,-32.0,1610612738
2002-03,Chicago Bulls,82,30,52,0.366,3985.383333333333,2991,6714,0.445,349,997,0.35,1455,2014,0.722,985,2541,3526,1782,1388.0,605,461,413,2028,8,7786,-421.0,1610612741
2002-03,Cleveland Cavaliers,82,17,65,0.207,3966.0,2850,6746,0.422,293,897,0.327,1502,2012,0.747,1118,2542,3660,1712,1501.0,636,521,494,1864,5,7495,-789.0,1610612739
2002-03,Dallas Mavericks,82,60,22,0.732,3956.0,3161,6982,0.453,636,1668,0.381,1486,1793,0.829,912,2544,3456,1837,948.0,666,449,322,1730,8,8444,638.0,1610612742
2002-03,Denver Nuggets,82,17,65,0.207,3946.0,2689,6544,0.411,229,824,0.278,1294,1850,0.699,1112,2363,3475,1737,1514.0,712,422,538,2056,11,6901,-679.0,1610612743
2002-03,Detroit Pistons,82,50,32,0.61,3981.0,2700,6277,0.43,533,1488,0.358,1559,2021,0.771,883,2445,3328,1620,1104.0,556,468,355,1748,13,7492,302.0,1610612765
2002-03,Golden State Warriors,82,38,44,0.463,3951.0,3061,6941,0.441,425,1235,0.344,1853,2382,0.778,1284,2546,3830,1712,1295.0,594,506,491,1786,0,8400,-93.0,1610612744
2002-03,Houston Rockets,82,43,39,0.524,3986.0,2840,6461,0.44,439,1267,0.346,1569,2044,0.768,1024,2564,3588,1506,1276.0,594,493,381,1602,5,7688,121.0,1610612745
2002-03,Indiana Pacers,82,48,34,0.585,3981.133333333333,2911,6608,0.441,379,1119,0.339,1739,2270,0.766,1004,2622,3626,1910,1210.0,696,443,513,1811,9,7940,286.0,1610612754
2002-03,Los Angeles Clippers,82,27,55,0.329,3951.0,2835,6490,0.437,390,1178,0.331,1633,2177,0.75,1008,2462,3470,1605,1291.0,574,461,418,1784,2,7693,-338.0,1610612746
2002-03,Los Angeles Lakers,82,50,32,0.61,3986.0,3091,6856,0.451,486,1367,0.356,1562,2129,0.734,1078,2554,3632,1909,1192.0,639,470,311,1874,6,8230,191.0,1610612747
2002-03,Memphis Grizzlies,82,28,54,0.341,3986.0,3049,6743,0.452,467,1279,0.365,1430,1936,0.739,943,2466,3409,1892,1262.0,651,500,430,1678,1,7995,-265.0,1610612763
2002-03,Miami Heat,82,25,57,0.305,3966.0,2688,6517,0.412,348,1100,0.316,1292,1689,0.765,948,2464,3412,1501,1167.0,592,324,436,1856,5,7016,-414.0,1610612748
2002-03,Milwaukee Bucks,82,42,40,0.512,3981.0,3045,6670,0.457,585,1526,0.383,1483,1911,0.776,876,2367,3243,1823,1044.0,622,344,333,1820,6,8158,19.0,1610612749
2002-03,Minnesota Timberwolves,82,51,31,0.622,3961.0,3172,6809,0.466,296,804,0.368,1406,1826,0.77,959,2614,3573,2070,1124.0,553,433,405,1704,4,8046,170.0,1610612750
2002-03,New Jersey Nets,82,49,33,0.598,3951.0,2906,6585,0.441,346,1041,0.332,1662,2195,0.757,991,2528,3519,1887,1212.0,717,374,423,1772,5,7820,428.0,1610612751
2002-03,New Orleans Hornets,82,47,35,0.573,3981.0,2914,6695,0.435,404,1075,0.376,1467,1910,0.768,1097,2475,3572,1807,1212.0,656,394,427,1769,10,7699,173.0,1610612740
2002-03,New York Knicks,82,37,45,0.451,3971.233333333333,2967,6725,0.441,606,1582,0.383,1320,1620,0.815,842,2376,3218,1800,1149.0,579,255,308,1888,10,7860,-111.0,1610612752
2002-03,Orlando Magic,82,42,40,0.512,3961.0,2947,6763,0.436,568,1590,0.357,1616,2079,0.777,958,2392,3350,1676,1177.0,696,300,411,1888,6,8078,11.0,1610612753
2002-03,Philadelphia 76ers,82,48,34,0.585,3971.0,2975,6640,0.448,245,787,0.311,1746,2253,0.775,1042,2415,3457,1771,1212.0,844,284,521,1803,8,7941,189.0,1610612755
2002-03,Phoenix Suns,82,44,38,0.537,3961.0,3005,6776,0.443,394,1149,0.343,1430,1928,0.742,1049,2440,3489,1719,1208.0,665,404,453,1801,7,7834,93.0,1610612756
2002-03,Portland Trail Blazers,82,50,32,0.61,3970.383333333333,2987,6491,0.46,379,1150,0.33,1450,1947,0.745,992,2378,3370,1860,1248.0,725,316,391,1634,5,7803,214.0,1610612757
2002-03,Sacramento Kings,82,59,23,0.72,3966.0,3242,6990,0.464,491,1288,0.381,1367,1832,0.746,900,2751,3651,2034,1192.0,736,457,356,1666,0,8342,533.0,1610612758
2002-03,San Antonio Spurs,82,60,22,0.732,3966.0,2908,6297,0.462,449,1270,0.354,1591,2194,0.725,939,2556,3495,1636,1295.0,629,529,422,1672,4,7856,444.0,1610612759
2002-03,Seattle SuperSonics,82,40,42,0.488,3971.0,2887,6599,0.437,456,1291,0.353,1325,1780,0.744,963,2385,3348,1775,1084.0,679,295,409,1711,6,7555,-10.0,1610612760
2002-03,Toronto Raptors,82,24,58,0.293,3961.0,2847,6664,0.427,409,1193,0.343,1350,1879,0.718,1023,2355,3378,1583,1181.0,609,392,406,1761,5,7453,-481.0,1610612761
2002-03,Utah Jazz,82,47,35,0.573,3956.0,2894,6189,0.468,224,641,0.349,1750,2349,0.745,1021,2381,3402,2103,1375.0,707,467,427,1837,7,7762,196.0,1610612762
2002-03,Washington Wizards,82,37,45,0.451,3966.0,2816,6394,0.44,253,811,0.312,1617,2077,0.779,917,2395,3312,1612,1095.0,621,390,358,1644,3,7502,-83.0,1610612764
2003-04,Atlanta Hawks,82,28,54,0.341,3981.0,2829,6529,0.433,419,1249,0.335,1534,1976,0.776,996,2507,3503,1648,1350.0,627,408,416,1826,3,7611,-381.0,1610612737
2003-04,Boston Celtics,82,36,46,0.439,3941.0,2843,6415,0.443,553,1599,0.346,1572,2095,0.75,851,2440,3291,1683,1332.0,770,331,408,1837,2,7811,-119.0,1610612738
2003-04,Chicago Bulls,82,23,59,0.28,3965.6666666666665,2798,6753,0.414,429,1256,0.342,1330,1833,0.726,1048,2519,3567,1793,1321.0,659,396,446,1911,3,7355,-521.0,1610612741
2003-04,Cleveland Cavaliers,82,35,47,0.427,3971.0,2922,6753,0.433,247,786,0.314,1528,2029,0.753,1118,2619,3737,1808,1216.0,585,537,434,1743,2,7619,-215.0,1610612739
2003-04,Dallas Mavericks,82,52,30,0.634,3961.0,3322,7230,0.459,507,1456,0.348,1475,1854,0.796,1174,2538,3712,1963,1000.0,656,437,382,1609,3,8626,364.0,1610612742
2003-04,Denver Nuggets,82,43,39,0.524,3946.0,2993,6762,0.443,331,984,0.336,1655,2159,0.767,1083,2387,3470,1794,1278.0,745,520,479,1804,6,7972,88.0,1610612743
2003-04,Detroit Pistons,82,54,28,0.659,3956.0,2747,6314,0.435,333,968,0.344,1561,2074,0.753,1014,2492,3506,1702,1241.0,659,570,410,1664,4,7388,479.0,1610612765
2003-04,Golden State Warriors,82,37,45,0.451,3971.0,2875,6511,0.442,429,1283,0.334,1470,2028,0.725,1002,2533,3535,1681,1211.0,576,389,418,1691,2,7649,-60.0,1610612744
2003-04,Houston Rockets,82,45,37,0.549,3985.633333333333,2738,6195,0.442,515,1406,0.366,1371,1774,0.773,847,2647,3494,1579,1373.0,560,443,359,1762,3,7362,142.0,1610612745
2003-04,Indiana Pacers,82,61,21,0.744,3961.0,2753,6322,0.435,449,1281,0.351,1538,2014,0.764,965,2452,3417,1774,1182.0,726,411,512,1709,5,7493,472.0,1610612754
2003-04,Los Angeles Clippers,82,28,54,0.341,3961.0,2817,6579,0.428,329,1024,0.321,1808,2302,0.785,1149,2416,3565,1653,1344.0,594,376,437,1816,3,7771,-376.0,1610612746
2003-04,Los Angeles Lakers,82,56,26,0.683,3971.0,3028,6676,0.454,365,1115,0.327,1631,2352,0.693,1001,2535,3536,1948,1132.0,682,379,308,1732,5,8052,320.0,1610612747
2003-04,Memphis Grizzlies,82,50,32,0.61,3976.0,2963,6657,0.445,447,1314,0.34,1557,2143,0.727,1047,2381,3428,1915,1226.0,795,565,461,1903,4,7930,200.0,1610612763
2003-04,Miami Heat,82,42,40,0.512,3951.0,2729,6417,0.425,485,1357,0.357,1459,1915,0.762,940,2459,3399,1565,1137.0,590,313,439,1812,4,7402,43.0,1610612748
2003-04,Milwaukee Bucks,82,41,41,0.5,3956.0,2970,6650,0.447,401,1145,0.35,1698,2192,0.775,960,2502,3462,1872,1110.0,554,383,406,1668,3,8039,87.0,1610612749
2003-04,Minnesota Timberwolves,82,58,24,0.707,3951.0,3033,6571,0.462,326,897,0.363,1361,1743,0.781,875,2645,3520,1890,1043.0,561,462,296,1731,6,7753,450.0,1610612750
2003-04,New Jersey Nets,82,47,35,0.573,3941.0,2813,6372,0.441,377,1123,0.336,1398,1856,0.753,862,2473,3335,2009,1209.0,709,322,374,1722,5,7401,205.0,1610612751
2003-04,New Orleans Hornets,82,41,41,0.5,3966.0,2772,6605,0.42,531,1666,0.319,1454,1937,0.751,1091,2418,3509,1716,1228.0,708,346,429,1715,7,7529,-11.0,1610612740
2003-04,New York Knicks,82,39,43,0.476,3976.0,2881,6513,0.442,406,1115,0.364,1374,1732,0.793,950,2543,3493,1695,1289.0,608,391,383,1897,3,7542,-121.0,1610612752
2003-04,Orlando Magic,82,21,61,0.256,3965.983333333333,2904,6768,0.429,429,1248,0.344,1474,2000,0.737,1003,2350,3353,1584,1123.0,547,308,450,1744,4,7711,-576.0,1610612753
2003-04,Philadelphia 76ers,82,33,49,0.402,3971.0,2682,6260,0.428,339,992,0.342,1512,2009,0.753,941,2408,3349,1640,1307.0,654,358,463,1701,1,7215,-204.0,1610612755
2003-04,Phoenix Suns,82,29,53,0.354,3946.0,2958,6671,0.443,415,1202,0.345,1392,1865,0.746,924,2406,3330,1586,1249.0,734,383,431,1862,3,7723,-307.0,1610612756
2003-04,Portland Trail Blazers,82,41,41,0.5,3996.0,2898,6467,0.448,381,1102,0.346,1263,1728,0.731,1040,2376,3416,1768,1213.0,613,443,390,1554,4,7440,-104.0,1610612757
2003-04,Sacramento Kings,82,55,27,0.671,3955.983333333333,3103,6711,0.462,601,1498,0.401,1626,2044,0.795,888,2492,3380,2152,1137.0,710,325,413,1586,4,8433,411.0,1610612758
2003-04,San Antonio Spurs,82,57,25,0.695,3950.633333333333,2842,6434,0.442,408,1140,0.358,1409,2069,0.681,1029,2669,3698,1676,1203.0,661,537,380,1667,2,7501,592.0,1610612759
2003-04,Seattle SuperSonics,82,37,45,0.451,3961.0,2939,6590,0.446,723,1936,0.373,1363,1782,0.765,907,2318,3225,1782,1188.0,661,387,387,1784,5,7964,-52.0,1610612760
2003-04,Toronto Raptors,82,33,49,0.402,3995.6666666666665,2654,6348,0.418,461,1294,0.356,1237,1650,0.75,830,2419,3249,1574,1165.0,604,402,333,1748,2,7006,-247.0,1610612761
2003-04,Utah Jazz,82,42,40,0.512,3956.0,2690,6172,0.436,252,786,0.321,1639,2196,0.746,1103,2272,3375,1671,1365.0,581,494,530,2096,5,7271,-100.0,1610612762
2003-04,Washington Wizards,82,25,57,0.305,3966.0,2759,6557,0.421,434,1270,0.342,1579,2211,0.714,1115,2392,3507,1537,1439.0,733,406,448,1712,3,7531,-459.0,1610612764
2004-05,Atlanta Hawks,82,13,69,0.159,3971.0,2942,6672,0.441,304,973,0.312,1417,1994,0.711,1100,2335,3435,1614,1319.0,629,344,484,2009,0,7605,-796.0,1610612737
2004-05,Boston Celtics,82,45,37,0.549,3975.641666666667,3046,6511,0.468,437,1252,0.349,1775,2323,0.764,909,2438,3347,1810,1297.0,667,423,402,2000,0,8304,71.0,1610612738
2004-05,Charlotte Bobcats,82,18,64,0.22,3976.0,2961,6859,0.432,320,881,0.363,1487,2096,0.709,1083,2335,3418,1794,1192.0,695,440,446,1894,0,7729,-491.0,1610612766
2004-05,Chicago Bulls,82,47,35,0.573,3966.366666666667,2849,6592,0.432,511,1433,0.357,1536,2048,0.75,1001,2591,3592,1743,1371.0,576,369,434,2028,0,7745,87.0,1610612741
2004-05,Cleveland Cavaliers,82,42,40,0.512,3971.116666666667,2990,6687,0.447,300,904,0.332,1634,2174,0.752,1117,2352,3469,1851,1141.0,654,461,419,1850,1,7914,65.0,1610612739
2004-05,Dallas Mavericks,82,58,24,0.707,3946.0,3058,6691,0.457,463,1273,0.364,1826,2314,0.789,990,2530,3520,1610,1102.0,708,461,399,1827,0,8405,471.0,1610612742
2004-05,Denver Nuggets,82,49,33,0.598,3951.0,3038,6615,0.459,320,940,0.34,1762,2310,0.763,967,2473,3440,1958,1224.0,750,489,458,1878,1,8158,166.0,1610612743
2004-05,Detroit Pistons,82,54,28,0.659,3990.5666666666666,2851,6421,0.444,363,1053,0.345,1588,2150,0.739,1054,2507,3561,1787,1133.0,576,497,367,1637,0,7653,317.0,1610612765
2004-05,Golden State Warriors,82,34,48,0.415,3981.0,3029,7039,0.43,624,1774,0.352,1412,1955,0.722,1069,2436,3505,1811,1112.0,642,420,417,1833,0,8094,-177.0,1610612744
2004-05,Houston Rockets,82,51,31,0.622,3970.8516666666665,2846,6419,0.443,553,1521,0.364,1551,1986,0.781,874,2601,3475,1733,1135.0,563,378,335,1807,0,7796,331.0,1610612745
2004-05,Indiana Pacers,82,44,38,0.537,3980.903333333333,2668,6169,0.432,542,1575,0.344,1748,2206,0.792,868,2418,3286,1489,1173.0,615,357,398,1890,0,7626,62.0,1610612754
2004-05,Los Angeles Clippers,82,37,45,0.451,4006.0,2924,6368,0.459,231,669,0.345,1770,2274,0.778,980,2455,3435,1901,1290.0,599,422,393,1819,0,7849,-63.0,1610612746
2004-05,Los Angeles Lakers,82,34,48,0.415,3956.0,2895,6629,0.437,644,1813,0.355,1661,2137,0.777,1028,2511,3539,1672,1176.0,508,344,420,1794,0,8095,-243.0,1610612747
2004-05,Memphis Grizzlies,82,45,37,0.549,3941.0,2802,6271,0.447,531,1486,0.357,1526,2024,0.754,887,2307,3194,1716,1197.0,699,476,476,1910,0,7661,188.0,1610612763
2004-05,Miami Heat,82,59,23,0.72,3995.991666666667,3097,6368,0.486,475,1260,0.377,1658,2466,0.672,887,2639,3526,1791,1127.0,528,474,264,1814,0,8327,535.0,1610612748
2004-05,Milwaukee Bucks,82,30,52,0.366,3956.0,2964,6580,0.45,325,925,0.351,1720,2229,0.772,985,2405,3390,1720,1132.0,529,289,370,1797,0,7973,-245.0,1610612749
2004-05,Minnesota Timberwolves,82,44,38,0.537,3951.0833333333335,3045,6629,0.459,395,1145,0.345,1449,1820,0.796,947,2580,3527,1918,1079.0,460,447,323,1774,1,7934,119.0,1610612750
2004-05,New Jersey Nets,82,42,40,0.512,3981.0,2753,6419,0.429,435,1203,0.362,1555,2039,0.763,855,2387,3242,1772,1164.0,650,308,402,1985,0,7496,-123.0,1610612751
2004-05,New Orleans Hornets,82,18,64,0.22,3986.0,2717,6553,0.415,415,1316,0.315,1401,1830,0.766,1019,2281,3300,1723,1217.0,550,310,450,1882,0,7250,-580.0,1610612740
2004-05,New York Knicks,82,33,49,0.402,3976.0,2978,6599,0.451,441,1240,0.356,1580,2060,0.767,965,2393,3358,1665,1204.0,629,260,389,1942,0,7977,-200.0,1610612752
2004-05,Orlando Magic,82,36,46,0.439,3941.0,3034,6679,0.454,320,916,0.349,1772,2335,0.759,1038,2544,3582,1583,1322.0,633,441,354,1937,0,8160,-184.0,1610612753
2004-05,Philadelphia 76ers,82,43,39,0.524,3970.77,2946,6736,0.437,505,1453,0.348,1731,2194,0.789,909,2536,3445,1710,1274.0,756,321,383,1878,0,8128,-61.0,1610612755
2004-05,Phoenix Suns,82,62,20,0.756,3956.0,3351,7018,0.477,796,2026,0.393,1556,2080,0.748,967,2652,3619,1927,1125.0,572,453,342,1563,0,9054,584.0,1610612756
2004-05,Portland Trail Blazers,82,27,55,0.329,3946.0,2896,6422,0.451,420,1161,0.362,1409,1944,0.725,970,2404,3374,1722,1308.0,583,544,414,1703,0,7621,-328.0,1610612757
2004-05,Sacramento Kings,82,50,32,0.61,3970.7833333333333,3203,6978,0.459,522,1396,0.374,1577,2004,0.787,1023,2455,3478,2005,1073.0,674,316,365,1685,0,8505,177.0,1610612758
2004-05,San Antonio Spurs,82,59,23,0.72,3961.0,2923,6450,0.453,507,1395,0.363,1535,2120,0.724,987,2489,3476,1770,1126.0,613,543,421,1717,0,7888,640.0,1610612759
2004-05,Seattle SuperSonics,82,52,30,0.634,3951.0,2882,6498,0.444,666,1824,0.365,1683,2131,0.79,1041,2311,3352,1487,1113.0,553,338,390,1944,0,8113,188.0,1610612760
2004-05,Toronto Raptors,82,33,49,0.402,3961.35,2952,6656,0.444,648,1681,0.385,1626,2101,0.774,844,2444,3288,1670,1087.0,621,317,360,1876,0,8178,-133.0,1610612761
2004-05,Utah Jazz,82,26,56,0.317,3955.8516666666665,2828,6301,0.449,250,762,0.328,1719,2272,0.757,1047,2243,3290,1826,1292.0,541,374,474,2189,0,7625,-350.0,1610612762
2004-05,Washington Wizards,82,45,37,0.549,3956.0,2965,6793,0.436,514,1498,0.343,1795,2476,0.725,1133,2374,3507,1563,1172.0,716,347,412,1807,0,8239,-27.0,1610612764
2005-06,Atlanta Hawks,82,26,56,0.317,3976.0,2946,6496,0.454,424,1154,0.367,1656,2207,0.75,1069,2232,3301,1625,1284.0,587,394,422,2054,1855,7972,-390.0,1610612737
2005-06,Boston Celtics,82,33,49,0.402,3975.633333333333,2951,6322,0.467,467,1290,0.362,1664,2204,0.755,813,2432,3245,1716,1359.0,578,422,404,2033,1837,8033,-126.0,1610612738
2005-06,Charlotte Bobcats,82,26,56,0.317,3981.0,2961,6843,0.433,428,1261,0.339,1593,2186,0.729,990,2270,3260,1717,1167.0,822,354,441,1960,1929,7943,-328.0,1610612766
2005-06,Chicago Bulls,82,41,41,0.5,3980.633333333333,3004,6737,0.446,560,1477,0.379,1452,1967,0.738,906,2602,3508,1804,1224.0,508,345,420,2038,1882,8020,52.0,1610612741
2005-06,Cleveland Cavaliers,82,50,32,0.61,3966.0,2908,6412,0.454,497,1465,0.339,1689,2318,0.729,959,2511,3470,1560,1137.0,567,392,357,1733,1842,8002,183.0,1610612739
2005-06,Dallas Mavericks,82,60,22,0.732,3976.0,2948,6375,0.462,416,1113,0.374,1818,2322,0.783,1030,2431,3461,1473,1112.0,593,488,400,1834,1938,8130,498.0,1610612742
2005-06,Denver Nuggets,82,44,38,0.537,3986.0,3078,6672,0.461,350,1076,0.325,1721,2312,0.744,903,2486,3389,1921,1216.0,698,463,436,1863,1911,8227,19.0,1610612743
2005-06,Detroit Pistons,82,64,18,0.78,3966.0,2983,6558,0.455,557,1451,0.384,1418,1950,0.727,975,2347,3322,1971,931.0,580,490,285,1513,1710,7941,547.0,1610612765
2005-06,Golden State Warriors,82,34,48,0.415,3966.0,2939,6785,0.433,625,1832,0.341,1573,2190,0.718,980,2485,3465,1694,1156.0,604,356,409,1941,1918,8076,-111.0,1610612744
2005-06,Houston Rockets,82,34,48,0.415,3966.0,2708,6252,0.433,469,1414,0.332,1502,1980,0.759,849,2565,3414,1580,1193.0,588,320,373,1863,1716,7387,-130.0,1610612745
2005-06,Indiana Pacers,82,41,41,0.5,3945.75,2786,6274,0.444,536,1536,0.349,1591,2158,0.737,898,2559,3457,1631,1254.0,598,409,399,1821,1800,7699,155.0,1610612754
2005-06,Los Angeles Clippers,82,47,35,0.573,3960.995,2993,6443,0.465,290,843,0.344,1694,2142,0.791,828,2704,3532,1708,1185.0,534,503,355,1872,1777,7970,129.0,1610612746
2005-06,Los Angeles Lakers,82,45,37,0.549,3971.0,2992,6607,0.453,552,1583,0.349,1618,2172,0.745,970,2488,3458,1734,1143.0,628,350,354,1894,1925,8154,205.0,1610612747
2005-06,Memphis Grizzlies,82,49,33,0.598,3971.0,2746,6125,0.448,590,1578,0.374,1476,2077,0.711,834,2379,3213,1586,1134.0,600,442,456,1757,1867,7558,303.0,1610612763
2005-06,Miami Heat,82,52,30,0.634,3951.0,3039,6355,0.478,497,1441,0.345,1616,2310,0.7,858,2675,3533,1692,1186.0,522,442,298,1871,1938,8191,317.0,1610612748
2005-06,Milwaukee Bucks,82,40,42,0.488,3971.0,2976,6566,0.453,507,1335,0.38,1561,2115,0.738,929,2448,3377,1769,1197.0,597,270,414,1902,1937,8020,-85.0,1610612749
2005-06,Minnesota Timberwolves,82,33,49,0.402,3971.0,2888,6340,0.456,310,942,0.329,1436,1895,0.758,811,2422,3233,1716,1189.0,559,471,374,1889,1736,7522,-154.0,1610612750
2005-06,New Jersey Nets,82,49,33,0.598,3956.0,2778,6317,0.44,477,1447,0.33,1658,2187,0.758,822,2539,3361,1884,1119.0,558,278,329,1903,1889,7691,112.0,1610612751
2005-06,New Orleans Hornets,82,38,44,0.463,3961.0,2831,6428,0.44,300,885,0.339,1649,2176,0.758,918,2379,3297,1519,1095.0,611,311,432,1786,1910,7611,-231.0,1610612740
2005-06,New York Knicks,82,23,59,0.28,3985.6833333333334,2822,6205,0.455,320,884,0.362,1878,2587,0.726,1033,2360,3393,1468,1449.0,555,271,436,2157,2051,7842,-525.0,1610612752
2005-06,Orlando Magic,82,36,46,0.439,3981.0,2911,6167,0.472,299,796,0.376,1663,2277,0.73,892,2402,3294,1495,1240.0,532,362,386,1908,1899,7784,-88.0,1610612753
2005-06,Philadelphia 76ers,82,38,44,0.463,3981.0,3001,6546,0.458,375,1031,0.364,1770,2330,0.76,873,2425,3298,1653,1159.0,651,404,386,1712,1898,8147,-160.0,1610612755
2005-06,Phoenix Suns,82,54,28,0.659,3991.0,3430,7167,0.479,837,2097,0.399,1189,1475,0.806,778,2650,3428,2179,1088.0,549,412,282,1683,1623,8886,455.0,1610612756
2005-06,Portland Trail Blazers,82,21,61,0.256,3946.0,2791,6267,0.445,364,1042,0.349,1339,1944,0.689,886,2203,3089,1490,1205.0,529,435,403,1828,1704,7285,-775.0,1610612757
2005-06,Sacramento Kings,82,44,38,0.537,3966.0,2954,6500,0.454,494,1408,0.351,1704,2173,0.784,852,2473,3325,1825,1199.0,608,299,403,1672,1870,8106,126.0,1610612758
2005-06,San Antonio Spurs,82,63,19,0.768,3961.0,2993,6342,0.472,524,1362,0.385,1327,1891,0.702,851,2548,3399,1717,1126.0,543,467,343,1714,1689,7837,559.0,1610612759
2005-06,Seattle SuperSonics,82,35,47,0.427,3965.995,3077,6711,0.459,605,1631,0.371,1652,2104,0.785,1013,2233,3246,1696,1208.0,622,306,399,1933,1820,8411,-248.0,1610612760
2005-06,Toronto Raptors,82,27,55,0.329,3991.0,3013,6639,0.454,608,1620,0.375,1653,2089,0.791,864,2291,3155,1593,1071.0,529,272,359,1965,1834,8287,-245.0,1610612761
2005-06,Utah Jazz,82,41,41,0.5,3976.0,2744,6207,0.442,311,925,0.336,1774,2466,0.719,1071,2380,3451,1772,1290.0,524,492,463,2032,2104,7573,-216.0,1610612762
2005-06,Washington Wizards,82,42,40,0.512,3965.9333333333334,2975,6656,0.447,497,1394,0.357,1889,2496,0.757,1035,2344,3379,1523,1143.0,658,339,341,1855,2053,8336,152.0,1610612764
2006-07,Atlanta Hawks,82,30,52,0.366,3975.985,2831,6372,0.444,341,1038,0.329,1677,2203,0.761,976,2312,3288,1573,1306.0,609,446,421,1970,1853,7680,-390.0,1610612737
2006-07,Boston Celtics,82,24,58,0.293,3971.0,2858,6454,0.443,471,1283,0.367,1670,2178,0.767,918,2391,3309,1630,1350.0,589,382,449,1971,1757,7857,-280.0,1610612738
2006-07,Charlotte Bobcats,82,33,49,0.402,4001.0,2960,6643,0.446,457,1280,0.357,1568,2136,0.734,920,2346,3266,1836,1224.0,638,369,437,1985,1786,7945,-307.0,1610612766
2006-07,Chicago Bulls,82,49,33,0.598,3956.0,3046,6663,0.457,480,1237,0.388,1528,2083,0.734,984,2597,3581,1832,1310.0,639,445,433,1908,1900,8100,411.0,1610612741
2006-07,Cleveland Cavaliers,82,50,32,0.61,3976.0,2978,6658,0.447,494,1404,0.352,1484,2133,0.696,1039,2529,3568,1708,1177.0,625,353,349,1781,1804,7934,314.0,1610612739
2006-07,Dallas Mavericks,82,67,15,0.817,3951.0,3010,6442,0.467,535,1404,0.381,1646,2045,0.805,920,2515,3435,1632,1140.0,560,408,312,1837,1811,8201,592.0,1610612742
2006-07,Denver Nuggets,82,45,37,0.549,3956.0,3164,6805,0.465,484,1440,0.336,1827,2449,0.746,1001,2558,3559,1920,1352.0,678,435,424,1756,1946,8639,133.0,1610612743
2006-07,Detroit Pistons,82,53,29,0.646,3976.0,2942,6484,0.454,449,1305,0.344,1539,1988,0.774,948,2374,3322,1768,1001.0,583,472,290,1672,1668,7872,341.0,1610612765
2006-07,Golden State Warriors,82,42,40,0.512,3950.585,3261,7048,0.463,700,1966,0.356,1515,2113,0.717,941,2455,3396,1950,1309.0,750,466,399,1933,1832,8737,-28.0,1610612744
2006-07,Houston Rockets,82,52,30,0.634,3971.0,2906,6528,0.445,705,1893,0.372,1436,1906,0.753,880,2673,3553,1704,1162.0,583,337,353,1710,1631,7953,398.0,1610612745
2006-07,Indiana Pacers,82,35,47,0.427,3955.995,2872,6561,0.438,481,1389,0.346,1615,2125,0.76,990,2441,3431,1680,1335.0,599,447,410,1912,1942,7840,-200.0,1610612754
2006-07,Los Angeles Clippers,82,40,42,0.488,3946.0,2880,6318,0.456,314,903,0.348,1769,2245,0.788,888,2484,3372,1762,1239.0,596,472,321,1858,1829,7843,-38.0,1610612746
2006-07,Los Angeles Lakers,82,42,40,0.512,4005.883333333333,3103,6664,0.466,608,1724,0.353,1660,2221,0.747,886,2495,3381,1850,1273.0,600,421,409,1889,1916,8474,-6.0,1610612747
2006-07,Memphis Grizzlies,82,22,60,0.268,3996.0,2998,6448,0.465,500,1362,0.367,1835,2410,0.761,866,2375,3241,1680,1343.0,564,407,450,1827,1992,8331,-422.0,1610612763
2006-07,Miami Heat,82,44,38,0.537,3971.0,2919,6288,0.464,528,1539,0.343,1393,2019,0.69,817,2526,3343,1681,1201.0,566,442,314,1749,1790,7759,-75.0,1610612748
2006-07,Milwaukee Bucks,82,28,54,0.341,3971.0,3121,6714,0.465,524,1472,0.356,1406,1919,0.733,941,2272,3213,1771,1240.0,587,224,433,1821,1718,8172,-359.0,1610612749
2006-07,Minnesota Timberwolves,82,32,50,0.39,4000.985,2997,6502,0.461,384,1089,0.353,1499,1892,0.792,819,2473,3292,1848,1278.0,532,325,360,1758,1679,7877,-301.0,1610612750
2006-07,New Jersey Nets,82,41,41,0.5,3976.0,2913,6379,0.457,609,1676,0.363,1566,2153,0.727,822,2525,3347,1962,1212.0,499,273,369,1869,1886,8001,-63.0,1610612751
2006-07,New Orleans Hornets,82,39,43,0.476,3975.883333333333,2971,6674,0.445,455,1256,0.362,1436,1941,0.74,1025,2512,3537,1537,1187.0,522,347,392,1620,1733,7833,-129.0,1610612740
2006-07,New York Knicks,82,33,49,0.402,4000.685,2903,6356,0.457,474,1370,0.346,1714,2396,0.715,1032,2516,3548,1532,1405.0,543,260,406,1932,1875,7994,-234.0,1610612752
2006-07,Orlando Magic,82,40,42,0.488,3955.9666666666667,2875,6090,0.472,342,962,0.356,1679,2393,0.702,920,2418,3338,1525,1392.0,565,416,376,1904,1921,7771,64.0,1610612753
2006-07,Philadelphia 76ers,82,35,47,0.427,3976.0,2932,6408,0.458,284,823,0.345,1637,2135,0.767,899,2353,3252,1669,1258.0,590,390,320,1671,1801,7785,-248.0,1610612755
2006-07,Phoenix Suns,82,61,21,0.744,3980.9666666666667,3388,6855,0.494,785,1965,0.399,1476,1827,0.808,737,2583,3320,2122,1189.0,553,394,304,1659,1759,9037,599.0,1610612756
2006-07,Portland Trail Blazers,82,32,50,0.39,3990.701666666667,2874,6392,0.45,426,1232,0.346,1543,2006,0.769,923,2299,3222,1513,1236.0,555,380,380,1931,1750,7717,-352.0,1610612757
2006-07,Sacramento Kings,82,33,49,0.402,3961.0,2941,6532,0.45,530,1513,0.35,1891,2473,0.765,797,2396,3193,1665,1194.0,671,265,405,1792,1990,8303,-148.0,1610612758
2006-07,San Antonio Spurs,82,58,24,0.707,3955.568333333333,2999,6328,0.474,595,1561,0.381,1486,1980,0.751,761,2577,3338,1814,1137.0,587,417,337,1588,1739,8079,691.0,1610612759
2006-07,Seattle SuperSonics,82,31,51,0.378,3966.0,3047,6628,0.46,525,1451,0.362,1511,1911,0.791,928,2322,3250,1695,1268.0,631,301,341,1801,1635,8130,-237.0,1610612760
2006-07,Toronto Raptors,82,47,35,0.573,3951.0,3032,6547,0.463,531,1464,0.363,1562,1983,0.788,755,2480,3235,1822,1104.0,581,321,317,1672,1786,8157,81.0,1610612761
2006-07,Utah Jazz,82,51,31,0.622,3961.0,3069,6471,0.474,354,1056,0.335,1830,2462,0.743,1030,2456,3486,2024,1277.0,577,339,438,2067,2010,8322,235.0,1610612762
2006-07,Washington Wizards,82,41,41,0.5,3965.995,3070,6820,0.45,561,1614,0.348,1855,2425,0.765,998,2379,3377,1660,1133.0,635,375,380,1823,1927,8556,-42.0,1610612764
2007-08,Atlanta Hawks,82,37,45,0.451,3971.0,2975,6552,0.454,384,1078,0.356,1720,2227,0.772,1008,2454,3462,1804,1223.0,600,448,421,1673,1793,8054,-149.0,1610612737
2007-08,Boston Celtics,82,66,16,0.805,3951.0,2986,6286,0.475,596,1564,0.381,1677,2176,0.771,830,2615,3445,1833,1246.0,696,379,389,1864,1818,8245,841.0,1610612738
2007-08,Charlotte Bobcats,82,32,50,0.39,3976.0,2960,6554,0.452,529,1443,0.367,1510,2115,0.714,892,2440,3332,1748,1204.0,614,402,476,1777,1721,7959,-359.0,1610612766
2007-08,Chicago Bulls,82,33,49,0.402,3960.9733333333334,2987,6861,0.435,474,1305,0.363,1533,2029,0.756,1050,2478,3528,1811,1197.0,635,429,465,1784,1746,7981,-253.0,1610612741
2007-08,Cleveland Cavaliers,82,45,37,0.549,3970.925,2937,6697,0.439,552,1544,0.358,1477,2061,0.717,1092,2563,3655,1640,1145.0,579,427,388,1712,1666,7903,-29.0,1610612739
2007-08,Dallas Mavericks,82,51,31,0.622,3946.0,3025,6515,0.464,494,1403,0.352,1690,2075,0.814,883,2643,3526,1720,1037.0,490,402,357,1786,1739,8234,372.0,1610612742
2007-08,Denver Nuggets,82,50,32,0.61,3970.6183333333333,3307,7038,0.47,569,1605,0.355,1891,2519,0.751,918,2698,3616,2024,1203.0,752,551,393,1731,1950,9074,304.0,1610612743
2007-08,Detroit Pistons,82,59,23,0.72,3946.0,2999,6551,0.458,487,1330,0.366,1507,1965,0.767,974,2423,3397,1831,956.0,583,472,319,1688,1618,7992,606.0,1610612765
2007-08,Golden State Warriors,82,48,34,0.585,3956.0,3403,7406,0.459,761,2185,0.348,1538,2044,0.752,1045,2496,3541,1833,1082.0,744,377,413,1875,1736,9105,181.0,1610612744
2007-08,Houston Rockets,82,55,27,0.671,3945.6183333333333,3003,6698,0.448,583,1707,0.342,1342,1848,0.726,1002,2659,3661,1757,1125.0,598,420,379,1609,1615,7931,384.0,1610612745
2007-08,Indiana Pacers,82,36,46,0.439,3950.9733333333334,3102,6993,0.444,755,2021,0.374,1568,2042,0.768,904,2633,3537,1864,1236.0,623,412,416,1921,1782,8527,-115.0,1610612754
2007-08,Los Angeles Clippers,82,23,59,0.28,3961.0,2820,6445,0.438,350,1079,0.324,1702,2178,0.781,800,2491,3291,1732,1180.0,557,398,388,1745,1773,7692,-596.0,1610612746
2007-08,Los Angeles Lakers,82,57,25,0.695,3956.0,3248,6818,0.476,662,1751,0.378,1746,2270,0.769,898,2722,3620,2003,1156.0,654,438,368,1691,1850,8904,595.0,1610612747
2007-08,Memphis Grizzlies,82,22,60,0.268,3961.0,3060,6737,0.454,620,1779,0.349,1517,2097,0.723,848,2567,3415,1574,1251.0,503,386,403,1592,1842,8257,-509.0,1610612763
2007-08,Miami Heat,82,15,67,0.183,3966.0,2808,6336,0.443,491,1373,0.358,1384,1903,0.727,743,2342,3085,1644,1202.0,589,355,341,1670,1650,7491,-709.0,1610612748
2007-08,Milwaukee Bucks,82,26,56,0.317,3971.0,3026,6745,0.449,452,1313,0.344,1452,1980,0.733,1055,2363,3418,1760,1210.0,544,361,404,1748,1727,7956,-565.0,1610612749
2007-08,Minnesota Timberwolves,82,22,60,0.268,3946.0,3076,6817,0.451,441,1259,0.35,1246,1693,0.736,964,2428,3392,1630,1188.0,616,306,467,1885,1434,7839,-556.0,1610612750
2007-08,New Jersey Nets,82,34,48,0.415,3966.0,2856,6450,0.443,498,1430,0.348,1647,2237,0.736,913,2520,3433,1925,1229.0,521,390,362,1855,1836,7857,-415.0,1610612751
2007-08,New Orleans Hornets,82,56,26,0.683,3960.935,3164,6796,0.466,630,1621,0.389,1312,1707,0.769,937,2494,3431,1785,974.0,637,321,331,1531,1573,8270,433.0,1610612740
2007-08,New York Knicks,82,23,59,0.28,3975.925,2967,6757,0.439,490,1454,0.337,1524,2095,0.727,1029,2457,3486,1530,1187.0,521,213,429,1761,1665,7948,-542.0,1610612752
2007-08,Orlando Magic,82,52,30,0.634,3956.0,3058,6446,0.474,801,2074,0.386,1650,2288,0.721,768,2677,3445,1706,1173.0,520,333,344,1688,1898,8567,448.0,1610612753
2007-08,Philadelphia 76ers,82,40,42,0.488,3951.0,3056,6648,0.46,302,952,0.317,1509,2137,0.706,1067,2370,3437,1673,1172.0,712,400,420,1620,1708,7923,34.0,1610612755
2007-08,Phoenix Suns,82,55,27,0.671,3956.0,3392,6782,0.5,694,1764,0.393,1548,1977,0.783,720,2683,3403,2188,1184.0,532,518,311,1633,1731,9026,414.0,1610612756
2007-08,Portland Trail Blazers,82,41,41,0.5,3980.955,2935,6546,0.448,538,1426,0.377,1412,1841,0.767,901,2438,3339,1733,1056.0,455,360,301,1642,1656,7820,-80.0,1610612757
2007-08,Sacramento Kings,82,38,44,0.463,3965.955,3043,6558,0.464,510,1367,0.373,1812,2272,0.798,829,2456,3285,1567,1317.0,651,334,452,1839,1892,8408,-185.0,1610612758
2007-08,San Antonio Spurs,82,56,26,0.683,3946.0,2938,6424,0.457,594,1610,0.369,1350,1774,0.761,771,2612,3383,1718,1035.0,521,337,361,1537,1625,7820,393.0,1610612759
2007-08,Seattle SuperSonics,82,20,62,0.244,3965.935,3125,7032,0.444,313,939,0.333,1436,1866,0.77,971,2688,3659,1748,1310.0,531,400,440,1680,1610,7999,-718.0,1610612760
2007-08,Toronto Raptors,82,41,41,0.5,3966.0,3148,6726,0.468,572,1459,0.392,1347,1658,0.812,790,2496,3286,1953,959.0,570,336,333,1596,1508,8215,238.0,1610612761
2007-08,Utah Jazz,82,54,28,0.659,3941.0,3279,6592,0.497,407,1095,0.372,1745,2298,0.759,942,2410,3352,2165,1200.0,717,355,420,1970,1891,8710,564.0,1610612762
2007-08,Washington Wizards,82,43,39,0.524,3981.0,2986,6695,0.446,575,1614,0.356,1557,1991,0.782,1007,2404,3411,1607,1082.0,632,391,360,1606,1656,8104,-27.0,1610612764
2008-09,Atlanta Hawks,82,47,35,0.573,3941.0,2956,6451,0.458,597,1633,0.366,1537,2085,0.737,870,2412,3282,1657,1048.0,603,376,354,1610,1681,8046,129.0,1610612737
2008-09,Boston Celtics,82,62,20,0.756,3975.7633333333333,3075,6333,0.486,538,1355,0.397,1587,2075,0.765,869,2586,3455,1862,1280.0,621,387,389,1897,1820,8275,616.0,1610612738
2008-09,Charlotte Bobcats,82,35,47,0.427,3985.9,2866,6299,0.455,490,1339,0.366,1455,1965,0.74,886,2366,3252,1741,1279.0,580,397,488,1754,1714,7677,-104.0,1610612766
2008-09,Chicago Bulls,82,41,41,0.5,3986.0,3126,6846,0.457,493,1293,0.381,1633,2052,0.796,970,2481,3451,1732,1192.0,615,453,449,1709,1708,8378,-23.0,1610612741
2008-09,Cleveland Cavaliers,82,66,16,0.805,3955.7633333333333,3022,6454,0.468,656,1670,0.393,1523,2012,0.757,886,2574,3460,1663,1045.0,593,435,338,1663,1664,8223,732.0,1610612739
2008-09,Dallas Mavericks,82,50,32,0.61,3960.9966666666664,3128,6770,0.462,571,1632,0.35,1516,1852,0.819,909,2595,3504,1779,1043.0,591,429,334,1600,1645,8343,162.0,1610612742
2008-09,Denver Nuggets,82,54,28,0.659,3946.0,3058,6510,0.47,548,1477,0.371,1891,2487,0.76,905,2507,3412,1820,1257.0,710,492,447,1874,1944,8555,280.0,1610612743
2008-09,Detroit Pistons,82,39,43,0.476,3981.0,2981,6559,0.454,377,1079,0.349,1388,1849,0.751,949,2448,3397,1689,973.0,493,377,342,1712,1612,7727,-40.0,1610612765
2008-09,Golden State Warriors,82,29,53,0.354,3975.9983333333334,3231,7055,0.458,550,1475,0.373,1893,2392,0.791,953,2492,3445,1711,1201.0,638,527,414,1842,1927,8905,-307.0,1610612744
2008-09,Houston Rockets,82,53,29,0.646,3961.0,2959,6526,0.453,621,1656,0.375,1531,1903,0.805,862,2662,3524,1662,1158.0,548,355,435,1553,1689,8070,328.0,1610612745
2008-09,Indiana Pacers,82,36,46,0.439,3966.0,3220,7080,0.455,652,1725,0.378,1525,1890,0.807,924,2661,3585,1775,1189.0,573,434,444,1895,1692,8617,-91.0,1610612754
2008-09,Los Angeles Clippers,82,19,63,0.232,3975.9733333333334,2955,6696,0.441,535,1513,0.354,1354,1839,0.736,890,2377,3267,1723,1221.0,572,482,414,1650,1609,7799,-719.0,1610612746
2008-09,Los Angeles Lakers,82,65,17,0.793,3955.9733333333334,3307,6981,0.474,547,1516,0.361,1607,2087,0.77,1015,2587,3602,1908,1103.0,718,420,392,1698,1816,8768,628.0,1610612747
2008-09,Memphis Grizzlies,82,24,58,0.293,3961.0,2865,6311,0.454,398,1106,0.36,1570,2077,0.756,847,2337,3184,1423,1252.0,615,385,443,1777,1786,7698,-448.0,1610612763
2008-09,Miami Heat,82,43,39,0.524,3991.0,3034,6646,0.457,582,1631,0.357,1411,1871,0.754,828,2411,3239,1671,1026.0,651,451,335,1696,1632,8061,21.0,1610612748
2008-09,Milwaukee Bucks,82,34,48,0.415,3956.0,3009,6755,0.445,511,1408,0.363,1613,2067,0.78,973,2367,3340,1802,1154.0,609,308,376,1986,1842,8142,-89.0,1610612749
2008-09,Minnesota Timberwolves,82,24,58,0.293,3960.9966666666664,2986,6766,0.441,543,1539,0.353,1504,1957,0.769,975,2442,3417,1674,1165.0,512,322,484,1785,1642,8019,-403.0,1610612750
2008-09,New Jersey Nets,82,34,48,0.415,3966.0,2925,6536,0.448,652,1735,0.376,1542,1980,0.779,850,2415,3265,1636,1075.0,559,391,393,1838,1680,8044,-200.0,1610612751
2008-09,New Orleans Hornets,82,49,33,0.598,3950.9983333333334,2911,6366,0.457,556,1526,0.364,1479,1833,0.807,802,2453,3255,1609,1029.0,593,338,290,1665,1675,7857,127.0,1610612740
2008-09,New York Knicks,82,32,50,0.39,3961.0,3157,7091,0.445,823,2284,0.36,1490,1900,0.784,911,2545,3456,1738,1174.0,610,204,437,1672,1592,8627,-214.0,1610612752
2008-09,Oklahoma City Thunder,82,23,59,0.28,3961.0,2999,6716,0.447,328,949,0.346,1626,2069,0.786,999,2497,3496,1663,1330.0,608,371,407,1655,1656,7952,-500.0,1610612760
2008-09,Orlando Magic,82,59,23,0.72,3945.9,2929,6416,0.457,817,2147,0.381,1611,2253,0.715,819,2728,3547,1593,1142.0,570,439,308,1664,1840,8286,549.0,1610612753
2008-09,Philadelphia 76ers,82,41,41,0.5,3951.0,2997,6532,0.459,341,1072,0.318,1652,2216,0.745,1039,2336,3375,1647,1157.0,658,415,400,1650,1786,7987,6.0,1610612755
2008-09,Phoenix Suns,82,46,36,0.561,3951.0,3373,6695,0.504,553,1445,0.383,1675,2251,0.744,900,2520,3420,1905,1288.0,589,420,369,1691,1877,8974,158.0,1610612756
2008-09,Portland Trail Blazers,82,54,28,0.659,3966.0,3018,6494,0.465,596,1555,0.383,1521,1988,0.765,1060,2360,3420,1667,1055.0,550,402,319,1671,1733,8153,438.0,1610612757
2008-09,Sacramento Kings,82,17,65,0.207,3980.985,2990,6685,0.447,586,1594,0.368,1682,2107,0.798,840,2366,3206,1619,1266.0,569,349,423,1910,1737,8248,-718.0,1610612758
2008-09,San Antonio Spurs,82,54,28,0.659,3981.0,3042,6534,0.466,625,1620,0.386,1249,1641,0.761,728,2638,3366,1736,963.0,474,329,352,1546,1511,7958,308.0,1610612759
2008-09,Toronto Raptors,82,33,49,0.402,3961.0,3054,6673,0.458,479,1289,0.372,1534,1861,0.824,802,2513,3315,1835,1098.0,523,390,386,1593,1645,8121,-231.0,1610612761
2008-09,Utah Jazz,82,48,34,0.585,3976.0,3143,6623,0.475,392,1122,0.349,1814,2352,0.771,940,2423,3363,2024,1210.0,719,374,424,1830,1972,8492,217.0,1610612762
2008-09,Washington Wizards,82,19,63,0.232,3940.985,2994,6655,0.45,395,1198,0.33,1494,1948,0.767,956,2330,3286,1641,1146.0,619,365,431,1679,1638,7877,-612.0,1610612764
2009-10,Atlanta Hawks,82,53,29,0.646,3970.9983333333334,3181,6801,0.468,524,1455,0.36,1452,1914,0.759,969,2451,3420,1789,980.0,592,413,359,1632,1582,8338,382.0,1610612737
2009-10,Boston Celtics,82,50,32,0.61,3956.0,3039,6294,0.483,499,1433,0.348,1559,2090,0.746,716,2449,3165,1930,1219.0,701,402,386,1816,1777,8136,300.0,1610612738
2009-10,Charlotte Bobcats,82,44,38,0.537,3976.0,2858,6306,0.453,460,1331,0.346,1637,2180,0.751,858,2490,3348,1658,1290.0,632,446,502,1597,1804,7813,120.0,1610612766
2009-10,Chicago Bulls,82,41,41,0.5,3980.9583333333335,3081,6825,0.451,352,1066,0.33,1479,1962,0.754,937,2715,3652,1704,1175.0,531,478,438,1648,1643,7993,-134.0,1610612741
2009-10,Cleveland Cavaliers,82,61,21,0.744,3955.9983333333334,3101,6391,0.485,602,1582,0.381,1569,2180,0.72,791,2692,3483,1835,1137.0,564,425,325,1591,1708,8373,535.0,1610612739
2009-10,Dallas Mavericks,82,55,27,0.671,3976.0,3140,6760,0.464,558,1498,0.372,1526,1870,0.816,834,2586,3420,1917,1059.0,624,449,337,1563,1652,8364,223.0,1610612742
2009-10,Denver Nuggets,82,53,29,0.646,3956.0,3124,6678,0.468,544,1517,0.359,1937,2508,0.772,889,2505,3394,1719,1136.0,683,417,438,1844,1943,8729,335.0,1610612743
2009-10,Detroit Pistons,82,27,55,0.329,3956.0,2940,6602,0.445,374,1190,0.314,1455,1998,0.728,1053,2242,3295,1591,1100.0,596,313,401,1822,1702,7709,-419.0,1610612765
2009-10,Golden State Warriors,82,26,56,0.317,3945.9983333333334,3329,7094,0.469,633,1687,0.375,1631,2085,0.782,753,2397,3150,1839,1204.0,761,340,407,1886,1757,8922,-295.0,1610612744
2009-10,Houston Rockets,82,42,40,0.512,3981.0,3094,6923,0.447,646,1838,0.351,1561,2022,0.772,971,2471,3442,1790,1188.0,583,318,532,1712,1840,8395,-30.0,1610612745
2009-10,Indiana Pacers,82,32,50,0.39,3941.0,3020,6823,0.443,659,1896,0.348,1564,2019,0.775,785,2618,3403,1730,1232.0,585,439,414,1848,1709,8263,-247.0,1610612754
2009-10,Los Angeles Clippers,82,29,53,0.354,3941.0,3002,6601,0.455,483,1457,0.332,1362,1867,0.73,927,2502,3429,1810,1285.0,532,466,363,1581,1588,7849,-521.0,1610612746
2009-10,Los Angeles Lakers,82,57,25,0.695,3966.0,3144,6875,0.457,532,1562,0.341,1519,1985,0.765,973,2662,3635,1730,1096.0,612,400,363,1592,1737,8339,387.0,1610612747
2009-10,Memphis Grizzlies,82,40,42,0.488,3981.0,3223,6875,0.469,344,1020,0.337,1614,2202,0.733,1070,2496,3566,1543,1248.0,645,399,501,1655,1840,8404,-124.0,1610612763
2009-10,Miami Heat,82,47,35,0.573,3976.0,2984,6518,0.458,494,1426,0.346,1452,1931,0.752,875,2553,3428,1548,1079.0,605,457,355,1710,1638,7914,187.0,1610612748
2009-10,Milwaukee Bucks,82,46,36,0.561,3996.0,3050,6998,0.436,645,1813,0.356,1264,1675,0.755,965,2560,3525,1740,1085.0,580,385,421,1823,1664,8009,139.0,1610612749
2009-10,Minnesota Timberwolves,82,15,67,0.183,3956.0,3106,6923,0.449,403,1181,0.341,1436,1926,0.746,962,2556,3518,1626,1333.0,597,306,442,1699,1686,8051,-787.0,1610612750
2009-10,New Jersey Nets,82,12,70,0.146,3956.0,2813,6554,0.429,377,1185,0.318,1572,2015,0.78,897,2358,3255,1540,1182.0,573,393,421,1643,1647,7575,-748.0,1610612751
2009-10,New Orleans Hornets,82,37,45,0.451,3966.0,3178,6842,0.464,571,1572,0.363,1293,1661,0.778,852,2450,3302,1828,1103.0,625,300,367,1606,1597,8220,-202.0,1610612740
2009-10,New York Knicks,82,29,53,0.354,3976.0,3127,6876,0.455,743,2145,0.346,1376,1759,0.782,836,2477,3313,1772,1148.0,586,305,368,1638,1576,8373,-313.0,1610612752
2009-10,Oklahoma City Thunder,82,50,32,0.61,3961.0,3063,6629,0.462,418,1229,0.34,1778,2210,0.805,960,2607,3567,1639,1227.0,654,481,384,1743,1755,8322,286.0,1610612760
2009-10,Orlando Magic,82,59,23,0.72,3945.9583333333335,3005,6394,0.47,841,2241,0.375,1575,2176,0.724,810,2736,3546,1615,1155.0,512,456,288,1629,1819,8426,614.0,1610612753
2009-10,Philadelphia 76ers,82,27,55,0.329,3960.9983333333334,3087,6706,0.46,474,1381,0.343,1366,1808,0.756,941,2421,3362,1723,1192.0,667,439,332,1677,1534,8014,-320.0,1610612755
2009-10,Phoenix Suns,82,54,28,0.659,3946.0,3339,6788,0.492,730,1770,0.412,1631,2117,0.77,910,2616,3526,1912,1210.0,479,418,365,1713,1789,9039,402.0,1610612756
2009-10,Portland Trail Blazers,82,50,32,0.61,3971.0,2974,6453,0.461,491,1388,0.354,1606,2033,0.79,913,2383,3296,1674,1012.0,523,350,333,1715,1767,8045,271.0,1610612757
2009-10,Sacramento Kings,82,25,57,0.305,3976.0,3144,6895,0.456,482,1383,0.349,1430,1969,0.726,977,2518,3495,1679,1226.0,564,366,468,1827,1650,8200,-358.0,1610612758
2009-10,San Antonio Spurs,82,50,32,0.61,3956.0,3150,6659,0.473,554,1547,0.358,1458,1969,0.74,887,2621,3508,1829,1116.0,516,381,417,1669,1672,8312,417.0,1610612759
2009-10,Toronto Raptors,82,40,42,0.488,3956.0,3199,6631,0.482,518,1397,0.371,1618,2118,0.764,806,2507,3313,1804,1100.0,469,384,360,1819,1730,8534,-146.0,1610612761
2009-10,Utah Jazz,82,53,29,0.646,3951.0,3227,6575,0.491,439,1207,0.364,1654,2233,0.741,872,2588,3460,2187,1246.0,675,400,445,1859,1818,8547,438.0,1610612762
2009-10,Washington Wizards,82,26,56,0.317,3966.0,3008,6700,0.449,432,1225,0.353,1444,1895,0.762,966,2458,3424,1557,1219.0,493,421,415,1752,1684,7892,-392.0,1610612764
2010-11,Atlanta Hawks,82,44,38,0.537,3946.0,2971,6429,0.462,502,1427,0.352,1346,1728,0.779,762,2460,3222,1802,1118.0,497,341,348,1554,1517,7790,-67.0,1610612737
2010-11,Boston Celtics,82,56,26,0.683,3956.0,3023,6219,0.486,408,1119,0.365,1459,1895,0.77,639,2542,3181,1921,1195.0,676,344,364,1678,1659,7913,440.0,1610612738
2010-11,Charlotte Bobcats,82,34,48,0.415,3961.0,2873,6365,0.451,393,1203,0.327,1511,1999,0.756,848,2444,3292,1728,1192.0,524,433,496,1637,1730,7650,-328.0,1610612766
2010-11,Chicago Bulls,82,62,20,0.756,3966.0,3042,6587,0.462,511,1415,0.361,1492,2008,0.743,967,2654,3621,1827,1161.0,592,468,477,1639,1645,8087,600.0,1610612741
2010-11,Cleveland Cavaliers,82,19,63,0.232,3951.0,2886,6647,0.434,509,1489,0.342,1546,2075,0.745,856,2449,3305,1720,1166.0,544,341,489,1648,1747,7827,-739.0,1610612739
2010-11,Dallas Mavericks,82,57,25,0.695,3941.0,3069,6463,0.475,645,1768,0.365,1437,1850,0.777,780,2618,3398,1954,1145.0,557,352,303,1575,1650,8220,347.0,1610612742
2010-11,Denver Nuggets,82,50,32,0.61,3941.0,3145,6613,0.476,662,1704,0.388,1859,2429,0.765,791,2652,3443,1813,1157.0,605,352,488,1719,1864,8811,390.0,1610612743
2010-11,Detroit Pistons,82,30,52,0.366,3976.0,3056,6647,0.46,472,1256,0.376,1367,1854,0.737,931,2236,3167,1730,1067.0,595,328,381,1629,1545,7951,-295.0,1610612765
2010-11,Golden State Warriors,82,36,46,0.439,3966.0,3251,7047,0.461,685,1749,0.392,1290,1695,0.761,955,2370,3325,1847,1198.0,737,406,352,1806,1512,8477,-191.0,1610612744
2010-11,Houston Rockets,82,43,39,0.524,3976.0,3170,6975,0.454,677,1843,0.367,1668,2083,0.801,962,2549,3511,1955,1110.0,581,371,449,1641,1754,8685,179.0,1610612745
2010-11,Indiana Pacers,82,37,45,0.451,3956.0,3003,6787,0.442,585,1653,0.354,1592,2035,0.782,914,2657,3571,1611,1262.0,584,456,467,1782,1758,8183,-88.0,1610612754
2010-11,Los Angeles Clippers,82,32,50,0.39,3971.0,3015,6594,0.457,513,1519,0.338,1546,2187,0.707,955,2501,3456,1813,1343.0,585,402,404,1733,1811,8089,-257.0,1610612746
2010-11,Los Angeles Lakers,82,57,25,0.695,3966.0,3128,6757,0.463,524,1487,0.352,1541,1979,0.779,989,2616,3605,1801,1073.0,602,422,372,1555,1700,8321,501.0,1610612747
2010-11,Memphis Grizzlies,82,46,36,0.561,3976.0,3200,6801,0.471,309,926,0.334,1486,1981,0.75,970,2391,3361,1691,1145.0,771,441,505,1705,1754,8195,192.0,1610612763
2010-11,Miami Heat,82,58,24,0.707,3956.0,3031,6301,0.481,547,1479,0.37,1760,2288,0.769,790,2666,3456,1639,1142.0,544,430,246,1674,1788,8369,612.0,1610612748
2010-11,Milwaukee Bucks,82,35,47,0.427,3966.0,2814,6544,0.43,483,1414,0.342,1423,1881,0.757,862,2480,3342,1545,1103.0,617,399,392,1682,1694,7534,-69.0,1610612749
2010-11,Minnesota Timberwolves,82,17,65,0.207,3956.0,3090,7014,0.441,589,1565,0.376,1519,1977,0.768,1085,2556,3641,1650,1398.0,592,422,447,1825,1717,8288,-544.0,1610612750
2010-11,New Jersey Nets,82,24,58,0.293,4001.0,2918,6638,0.44,459,1337,0.343,1427,1881,0.759,909,2440,3349,1723,1152.0,458,384,375,1807,1638,7722,-512.0,1610612751
2010-11,New Orleans Hornets,82,46,36,0.561,3966.0,2944,6416,0.459,444,1232,0.36,1452,1897,0.765,824,2468,3292,1691,1069.0,624,359,396,1719,1674,7784,73.0,1610612740
2010-11,New York Knicks,82,42,40,0.512,3956.0,3140,6867,0.457,765,2081,0.368,1689,2087,0.809,847,2470,3317,1757,1123.0,625,475,360,1743,1703,8734,64.0,1610612752
2010-11,Oklahoma City Thunder,82,55,27,0.671,4001.0,3066,6609,0.464,487,1403,0.347,1977,2401,0.823,903,2604,3507,1672,1156.0,654,487,356,1836,1767,8596,311.0,1610612760
2010-11,Orlando Magic,82,52,30,0.634,3966.0,2956,6411,0.461,770,2103,0.366,1453,2101,0.692,864,2679,3543,1636,1224.0,548,384,310,1640,1791,8135,448.0,1610612753
2010-11,Philadelphia 76ers,82,41,41,0.5,3986.0,3125,6776,0.461,443,1248,0.355,1426,1851,0.77,850,2578,3428,1861,1063.0,621,355,376,1592,1544,8119,123.0,1610612755
2010-11,Phoenix Suns,82,40,42,0.488,4001.0,3219,6844,0.47,701,1857,0.377,1472,1939,0.759,821,2478,3299,1945,1169.0,545,357,356,1666,1740,8611,-73.0,1610612756
2010-11,Portland Trail Blazers,82,48,34,0.585,3961.0,2951,6599,0.447,518,1503,0.345,1476,1835,0.804,996,2230,3226,1736,1070.0,660,358,339,1585,1743,7896,125.0,1610612757
2010-11,Sacramento Kings,82,24,58,0.293,3971.0,3134,6979,0.449,428,1277,0.335,1455,1981,0.734,1071,2526,3597,1675,1324.0,608,391,464,1805,1723,8151,-438.0,1610612758
2010-11,San Antonio Spurs,82,61,21,0.744,3956.0,3148,6628,0.475,685,1727,0.397,1521,1984,0.767,829,2603,3432,1836,1101.0,602,372,374,1556,1701,8502,468.0,1610612759
2010-11,Toronto Raptors,82,22,60,0.268,3956.0,3144,6755,0.465,345,1091,0.316,1491,1976,0.755,963,2343,3306,1795,1206.0,581,350,456,1807,1620,8124,-515.0,1610612761
2010-11,Utah Jazz,82,39,43,0.476,3976.0,3064,6590,0.465,435,1256,0.346,1590,2061,0.771,898,2338,3236,1921,1175.0,629,484,411,1865,1802,8153,-150.0,1610612762
2010-11,Washington Wizards,82,23,59,0.28,3986.0,3048,6888,0.443,392,1182,0.332,1489,1999,0.745,1013,2374,3387,1592,1258.0,665,502,413,1850,1662,7977,-607.0,1610612764
2011-12,Atlanta Hawks,66,40,26,0.606,3233.0,2429,5348,0.454,492,1330,0.37,1025,1385,0.74,652,2066,2718,1481,921.0,536,303,313,1178,1263,6375,227.0,1610612737
2011-12,Boston Celtics,66,39,27,0.591,3188.0,2341,5086,0.46,363,988,0.367,1017,1308,0.778,509,2051,2560,1557,979.0,498,362,304,1315,1217,6062,166.0,1610612738
2011-12,Charlotte Bobcats,66,7,59,0.106,3178.0,2193,5293,0.414,263,892,0.295,1090,1462,0.746,677,1894,2571,1326,957.0,397,361,378,1249,1341,5739,-918.0,1610612766
2011-12,Chicago Bulls,66,50,16,0.758,3188.0,2467,5462,0.452,419,1117,0.375,1006,1394,0.722,915,2165,3080,1527,923.0,456,388,343,1139,1166,6359,540.0,1610612741
2011-12,Cleveland Cavaliers,66,21,45,0.318,3193.0,2261,5360,0.422,440,1273,0.346,1178,1645,0.716,841,1949,2790,1308,1017.0,466,262,409,1317,1381,6140,-475.0,1610612739
2011-12,Dallas Mavericks,66,36,30,0.545,3213.0,2398,5412,0.443,497,1464,0.339,1029,1334,0.771,665,2157,2822,1380,926.0,565,337,265,1226,1213,6322,63.0,1610612742
2011-12,Denver Nuggets,66,38,28,0.576,3208.0,2572,5404,0.476,435,1311,0.332,1293,1760,0.735,738,2105,2843,1581,1015.0,540,330,439,1297,1452,6872,190.0,1610612743
2011-12,Detroit Pistons,66,25,41,0.379,3193.0,2291,5232,0.438,317,916,0.346,1098,1461,0.752,775,1882,2657,1232,1033.0,460,278,348,1293,1283,5997,-316.0,1610612765
2011-12,Golden State Warriors,66,23,43,0.348,3183.0,2489,5443,0.457,524,1351,0.388,951,1235,0.77,640,1947,2587,1470,915.0,528,362,328,1410,1095,6453,-225.0,1610612744
2011-12,Houston Rockets,66,34,32,0.515,3213.0,2489,5543,0.449,478,1330,0.359,1018,1301,0.782,769,2014,2783,1404,955.0,496,319,340,1347,1215,6474,15.0,1610612745
2011-12,Indiana Pacers,66,42,24,0.636,3198.0,2354,5375,0.438,392,1064,0.368,1349,1724,0.782,826,2070,2896,1228,925.0,523,357,398,1430,1428,6449,218.0,1610612754
2011-12,Los Angeles Clippers,66,40,26,0.606,3193.0,2439,5366,0.455,514,1441,0.357,1046,1538,0.68,800,1943,2743,1385,879.0,556,315,296,1399,1401,6438,169.0,1610612746
2011-12,Los Angeles Lakers,66,41,25,0.621,3213.0,2429,5319,0.457,362,1112,0.326,1202,1589,0.756,799,2251,3050,1485,997.0,390,351,302,1109,1332,6422,94.0,1610612747
2011-12,Memphis Grizzlies,66,41,25,0.621,3188.0,2425,5422,0.447,277,849,0.326,1142,1504,0.759,831,1944,2775,1290,955.0,631,345,363,1316,1275,6269,133.0,1610612763
2011-12,Miami Heat,66,46,20,0.697,3208.0,2446,5212,0.469,370,1030,0.359,1238,1598,0.775,686,2060,2746,1317,1002.0,585,355,280,1282,1356,6500,395.0,1610612748
2011-12,Milwaukee Bucks,66,31,35,0.47,3173.0,2502,5652,0.443,436,1265,0.345,1095,1415,0.774,820,1983,2803,1550,929.0,548,335,297,1273,1278,6535,18.0,1610612749
2011-12,Minnesota Timberwolves,66,26,40,0.394,3188.0,2355,5434,0.433,473,1423,0.332,1281,1662,0.771,797,2089,2886,1290,1001.0,436,293,377,1212,1435,6464,-145.0,1610612750
2011-12,New Jersey Nets,66,22,44,0.333,3178.0,2262,5320,0.425,507,1481,0.342,1113,1433,0.777,783,1879,2662,1311,995.0,493,260,330,1268,1274,6144,-395.0,1610612751
2011-12,New Orleans Hornets,66,21,45,0.318,3188.0,2300,5103,0.451,259,777,0.333,1057,1397,0.757,724,1991,2715,1368,1024.0,488,316,380,1324,1235,5916,-248.0,1610612740
2011-12,New York Knicks,66,36,30,0.545,3188.0,2365,5335,0.443,517,1538,0.336,1211,1634,0.741,743,2012,2755,1328,1056.0,622,276,334,1391,1437,6458,211.0,1610612752
2011-12,Oklahoma City Thunder,66,47,19,0.712,3198.0,2462,5229,0.471,472,1317,0.358,1406,1744,0.806,726,2157,2883,1224,1079.0,498,539,321,1352,1322,6802,404.0,1610612760
2011-12,Orlando Magic,66,37,29,0.561,3193.0,2275,5162,0.441,670,1785,0.375,995,1508,0.66,742,2060,2802,1321,984.0,451,275,273,1168,1308,6215,52.0,1610612753
2011-12,Philadelphia 76ers,66,35,31,0.53,3183.0,2471,5516,0.448,349,963,0.362,889,1198,0.742,704,2144,2848,1453,738.0,526,340,316,1157,1070,6180,280.0,1610612755
2011-12,Phoenix Suns,66,33,33,0.5,3168.0,2495,5445,0.458,444,1295,0.343,1058,1397,0.757,717,2035,2752,1486,928.0,431,366,288,1233,1293,6492,-16.0,1610612756
2011-12,Portland Trail Blazers,66,28,38,0.424,3193.0,2402,5417,0.443,478,1382,0.346,1133,1423,0.796,735,1949,2684,1349,935.0,528,322,314,1251,1306,6415,-41.0,1610612757
2011-12,Sacramento Kings,66,22,44,0.333,3183.0,2490,5712,0.436,411,1301,0.316,1127,1532,0.736,882,1947,2829,1271,952.0,561,323,423,1287,1313,6518,-375.0,1610612758
2011-12,San Antonio Spurs,66,50,16,0.758,3188.0,2611,5463,0.478,552,1405,0.393,1067,1427,0.748,683,2153,2836,1528,895.0,490,293,330,1143,1244,6841,473.0,1610612759
2011-12,Toronto Raptors,66,23,43,0.348,3193.0,2268,5154,0.44,365,1075,0.34,1085,1410,0.77,697,2074,2771,1382,1001.0,429,321,322,1532,1214,5986,-218.0,1610612761
2011-12,Utah Jazz,66,36,30,0.545,3233.0,2523,5531,0.456,273,845,0.323,1258,1668,0.754,861,2055,2916,1439,936.0,545,385,375,1441,1366,6577,41.0,1610612762
2011-12,Washington Wizards,66,20,46,0.303,3173.0,2414,5475,0.441,344,1075,0.32,1008,1386,0.727,775,1975,2750,1262,1008.0,527,417,300,1405,1231,6180,-317.0,1610612764
2012-13,Atlanta Hawks,82,44,38,0.537,3971.0,3084,6644,0.464,706,1901,0.371,1158,1619,0.715,758,2593,3351,2007,1219.0,664,369,350,1473,1543,8032,33.0,1610612737
2012-13,Boston Celtics,81,41,40,0.506,3968.0,3001,6459,0.465,498,1390,0.358,1318,1698,0.776,654,2533,3187,1843,1181.0,667,365,378,1717,1574,7818,-18.0,1610612738
2012-13,Brooklyn Nets,82,49,33,0.598,3970.65,2942,6544,0.45,628,1760,0.357,1432,1958,0.731,1047,2460,3507,1668,1206.0,599,391,390,1500,1751,7944,146.0,1610612751
2012-13,Charlotte Bobcats,82,21,61,0.256,3961.0,2823,6649,0.425,469,1399,0.335,1546,2060,0.75,917,2389,3306,1587,1153.0,591,479,565,1561,1746,7661,-757.0,1610612766
2012-13,Chicago Bulls,82,45,37,0.549,3966.0,2926,6698,0.437,446,1265,0.353,1343,1738,0.773,1026,2514,3540,1886,1171.0,588,417,477,1617,1609,7641,26.0,1610612741
2012-13,Cleveland Cavaliers,82,24,58,0.293,3945.7116666666666,2993,6901,0.434,547,1581,0.346,1380,1826,0.756,1004,2359,3363,1694,1149.0,647,334,560,1737,1615,7913,-384.0,1610612739
2012-13,Dallas Mavericks,82,41,41,0.5,3996.0,3182,6892,0.462,606,1628,0.372,1323,1669,0.793,767,2670,3437,1906,1144.0,648,454,340,1698,1547,8293,-49.0,1610612742
2012-13,Denver Nuggets,82,57,25,0.695,3981.0,3339,6983,0.478,521,1518,0.343,1505,2148,0.701,1092,2601,3693,2002,1253.0,762,533,554,1682,1775,8704,417.0,1610612743
2012-13,Detroit Pistons,82,29,53,0.354,3961.0,2979,6638,0.449,513,1440,0.356,1307,1870,0.699,991,2463,3454,1742,1241.0,574,400,472,1623,1630,7778,-327.0,1610612765
2012-13,Golden State Warriors,82,47,35,0.573,3961.0,3130,6840,0.458,658,1632,0.403,1378,1744,0.79,885,2801,3686,1845,1236.0,567,346,399,1753,1571,8296,73.0,1610612744
2012-13,Houston Rockets,82,45,37,0.549,3956.0,3124,6782,0.461,867,2369,0.366,1573,2087,0.754,909,2652,3561,1902,1348.0,679,359,498,1662,1674,8688,285.0,1610612745
2012-13,Indiana Pacers,81,49,32,0.605,3918.0,2845,6525,0.436,555,1599,0.347,1429,1915,0.746,1043,2671,3714,1645,1227.0,580,513,459,1623,1777,7674,326.0,1610612754
2012-13,Los Angeles Clippers,82,56,26,0.683,3946.0,3160,6608,0.478,627,1752,0.358,1342,1888,0.711,938,2475,3413,1958,1197.0,784,461,335,1716,1712,8289,529.0,1610612746
2012-13,Los Angeles Lakers,82,45,37,0.549,3951.0,3041,6640,0.458,715,2015,0.355,1584,2289,0.692,942,2732,3674,1818,1232.0,576,429,396,1467,1891,8381,95.0,1610612747
2012-13,Memphis Grizzlies,82,56,26,0.683,3961.0,2964,6679,0.444,382,1107,0.345,1349,1746,0.773,1059,2445,3504,1715,1144.0,703,436,450,1660,1643,7659,340.0,1610612763
2012-13,Miami Heat,82,66,16,0.805,3975.7166666666667,3148,6348,0.496,717,1809,0.396,1423,1887,0.754,676,2490,3166,1890,1143.0,710,441,262,1533,1673,8436,645.0,1610612748
2012-13,Milwaukee Bucks,82,38,44,0.463,3965.65,3128,7197,0.435,601,1670,0.36,1251,1700,0.736,1068,2537,3605,1876,1156.0,685,550,362,1554,1567,8108,-123.0,1610612749
2012-13,Minnesota Timberwolves,82,31,51,0.378,3946.0,2943,6702,0.439,450,1475,0.305,1515,2042,0.742,973,2473,3446,1836,1214.0,700,387,481,1509,1847,7851,-194.0,1610612750
2012-13,New Orleans Hornets,82,27,55,0.329,3956.0,2955,6589,0.448,535,1474,0.363,1269,1636,0.776,988,2426,3414,1721,1193.0,520,440,492,1673,1534,7714,-317.0,1610612740
2012-13,New York Knicks,82,54,28,0.659,3946.0,2996,6689,0.448,891,2371,0.376,1313,1729,0.759,890,2436,3326,1579,988.0,672,294,327,1650,1576,8196,347.0,1610612752
2012-13,Oklahoma City Thunder,82,60,22,0.732,3966.0,3126,6504,0.481,598,1588,0.377,1819,2196,0.828,854,2725,3579,1753,1253.0,679,624,322,1654,1698,8669,755.0,1610612760
2012-13,Orlando Magic,82,20,62,0.244,3956.0,3093,6904,0.448,506,1537,0.329,1026,1359,0.755,890,2612,3502,1871,1191.0,528,358,430,1591,1353,7718,-573.0,1610612753
2012-13,Philadelphia 76ers,82,34,48,0.415,3951.0,3059,6895,0.444,518,1438,0.36,1004,1377,0.729,896,2493,3389,1867,1070.0,609,384,396,1505,1331,7640,-274.0,1610612755
2012-13,Phoenix Suns,82,25,57,0.305,3961.0,3061,6917,0.443,480,1455,0.33,1203,1618,0.744,959,2454,3413,1855,1278.0,659,434,421,1688,1511,7805,-530.0,1610612756
2012-13,Portland Trail Blazers,82,33,49,0.402,3970.995,3009,6715,0.448,673,1904,0.353,1304,1680,0.776,874,2474,3348,1784,1203.0,538,353,359,1518,1537,7995,-260.0,1610612757
2012-13,Sacramento Kings,82,28,54,0.341,3966.0,3086,6904,0.447,610,1681,0.363,1437,1869,0.769,943,2385,3328,1708,1199.0,671,342,517,1717,1636,8219,-400.0,1610612758
2012-13,San Antonio Spurs,82,58,24,0.707,3976.0,3210,6675,0.481,663,1764,0.376,1365,1725,0.791,666,2721,3387,2058,1206.0,695,446,405,1427,1565,8448,525.0,1610612759
2012-13,Toronto Raptors,82,34,48,0.415,3996.0,2979,6685,0.446,571,1665,0.343,1442,1831,0.788,871,2426,3297,1765,1124.0,595,392,387,1836,1650,7971,-121.0,1610612761
2012-13,Utah Jazz,82,43,39,0.524,3976.0,3046,6710,0.454,507,1385,0.366,1439,1883,0.764,989,2457,3446,1859,1210.0,690,515,480,1750,1670,8038,-7.0,1610612762
2012-13,Washington Wizards,82,29,53,0.354,3971.0,2910,6693,0.435,545,1495,0.365,1279,1746,0.733,887,2652,3539,1775,1238.0,598,376,358,1681,1569,7644,-208.0,1610612764
2013-14,Atlanta Hawks,82,38,44,0.463,3966.0,3061,6688,0.458,768,2116,0.363,1392,1782,0.781,713,2565,3278,2041,1251.0,680,326,354,1577,1643,8282,-39.0,1610612737
2013-14,Boston Celtics,82,25,57,0.305,3946.0,2996,6883,0.435,575,1729,0.333,1325,1706,0.777,980,2505,3485,1726,1261.0,584,343,373,1743,1564,7892,-366.0,1610612738
2013-14,Brooklyn Nets,82,44,38,0.537,3976.0,2931,6391,0.459,709,1922,0.369,1508,2002,0.753,721,2407,3128,1714,1191.0,705,311,337,1777,1704,8079,-82.0,1610612751
2013-14,Charlotte Bobcats,82,43,39,0.524,3981.0,2976,6730,0.442,516,1471,0.351,1474,2000,0.737,776,2724,3500,1778,1010.0,499,421,415,1493,1716,7942,-18.0,1610612766
2013-14,Chicago Bulls,82,48,34,0.585,3986.0,2843,6577,0.432,508,1459,0.348,1486,1908,0.779,937,2683,3620,1860,1223.0,594,424,490,1565,1713,7680,152.0,1610612741
2013-14,Cleveland Cavaliers,82,33,49,0.402,3986.0,3036,6955,0.437,584,1640,0.356,1398,1861,0.751,989,2629,3618,1738,1163.0,579,304,461,1640,1599,8054,-270.0,1610612739
2013-14,Dallas Mavericks,82,49,33,0.598,3966.0,3249,6858,0.474,721,1877,0.384,1378,1733,0.795,840,2514,3354,1935,1110.0,704,356,288,1636,1633,8597,197.0,1610612742
2013-14,Denver Nuggets,82,36,46,0.439,3950.985,3147,7042,0.447,702,1959,0.358,1563,2154,0.726,1009,2717,3726,1838,1305.0,615,459,459,1890,1778,8559,-176.0,1610612743
2013-14,Detroit Pistons,82,29,53,0.354,3956.0,3182,7124,0.447,507,1580,0.321,1415,2111,0.67,1196,2525,3721,1714,1193.0,687,395,403,1666,1699,8286,-300.0,1610612765
2013-14,Golden State Warriors,82,51,31,0.622,3966.0,3236,7005,0.462,774,2037,0.38,1303,1731,0.753,896,2819,3715,1912,1247.0,642,407,342,1784,1584,8549,394.0,1610612744
2013-14,Houston Rockets,82,54,28,0.659,3966.0,3118,6603,0.472,779,2179,0.358,1814,2549,0.712,920,2797,3717,1755,1323.0,621,461,460,1676,1993,8829,374.0,1610612745
2013-14,Indiana Pacers,82,56,26,0.683,3956.0,2949,6573,0.449,550,1542,0.357,1485,1907,0.779,834,2831,3665,1651,1237.0,550,446,378,1675,1793,7933,361.0,1610612754
2013-14,Los Angeles Clippers,82,57,25,0.695,3951.0,3208,6761,0.474,693,1966,0.352,1741,2384,0.73,858,2668,3526,2016,1136.0,703,397,284,1767,1919,8850,572.0,1610612746
2013-14,Los Angeles Lakers,82,27,55,0.329,3941.0,3139,6980,0.45,774,2032,0.381,1390,1835,0.757,745,2620,3365,2006,1239.0,611,446,387,1627,1580,8442,-516.0,1610612747
2013-14,Memphis Grizzlies,82,50,32,0.61,3961.0,3122,6723,0.464,405,1147,0.353,1235,1666,0.741,950,2526,3476,1792,1124.0,631,375,410,1568,1553,7884,129.0,1610612763
2013-14,Miami Heat,82,54,28,0.659,3976.0,3142,6272,0.501,665,1829,0.364,1431,1884,0.76,627,2397,3024,1847,1212.0,732,367,256,1596,1675,8380,390.0,1610612748
2013-14,Milwaukee Bucks,82,15,67,0.183,3976.0,2952,6737,0.438,548,1553,0.353,1377,1843,0.747,971,2399,3370,1760,1238.0,541,403,413,1713,1690,7829,-671.0,1610612749
2013-14,Minnesota Timberwolves,82,40,42,0.488,3971.0,3189,7175,0.444,600,1757,0.341,1790,2301,0.778,1024,2644,3668,1963,1142.0,718,297,457,1504,1936,8768,219.0,1610612750
2013-14,New Orleans Pelicans,82,34,48,0.415,3971.0,3101,6761,0.459,486,1303,0.373,1489,1936,0.769,933,2486,3419,1745,1129.0,647,523,504,1857,1664,8177,-222.0,1610612740
2013-14,New York Knicks,82,37,45,0.451,3971.0,3027,6739,0.449,759,2038,0.372,1271,1670,0.761,870,2437,3307,1641,1063.0,631,367,277,1815,1611,8084,-65.0,1610612752
2013-14,Oklahoma City Thunder,82,59,23,0.72,3961.0,3194,6782,0.471,664,1839,0.361,1653,2052,0.806,887,2781,3668,1794,1256.0,678,501,296,1858,1672,8705,520.0,1610612760
2013-14,Orlando Magic,82,23,59,0.28,3991.0,3022,6784,0.445,563,1596,0.353,1307,1714,0.763,794,2654,3448,1726,1222.0,630,350,445,1678,1500,7914,-446.0,1610612753
2013-14,Philadelphia 76ers,82,19,63,0.232,3970.985,3108,7150,0.435,577,1847,0.312,1362,1918,0.71,949,2556,3505,1791,1384.0,765,330,558,1844,1686,8155,-857.0,1610612755
2013-14,Phoenix Suns,82,48,34,0.585,3951.0,3172,6845,0.463,765,2055,0.372,1520,2004,0.758,928,2601,3529,1563,1258.0,688,374,332,1798,1749,8629,216.0,1610612756
2013-14,Portland Trail Blazers,82,54,28,0.659,3971.0,3207,7134,0.45,770,2071,0.372,1569,1926,0.815,1022,2786,3808,1904,1125.0,454,387,304,1576,1698,8753,327.0,1610612757
2013-14,Sacramento Kings,82,28,54,0.341,3966.0,3026,6766,0.447,491,1475,0.333,1698,2237,0.759,990,2656,3646,1547,1249.0,587,318,459,1849,1897,8241,-238.0,1610612758
2013-14,San Antonio Spurs,82,62,20,0.756,3951.0,3326,6844,0.486,698,1757,0.397,1289,1642,0.785,762,2786,3548,2064,1180.0,604,420,379,1495,1585,8639,633.0,1610612759
2013-14,Toronto Raptors,82,48,34,0.585,3991.0,2992,6718,0.445,713,1917,0.372,1608,2055,0.782,935,2552,3487,1737,1159.0,577,343,352,1882,1815,8305,266.0,1610612761
2013-14,Utah Jazz,82,25,57,0.305,3956.0,2951,6652,0.444,543,1577,0.344,1346,1803,0.747,904,2477,3381,1664,1200.0,570,366,401,1699,1673,7791,-588.0,1610612762
2013-14,Washington Wizards,82,44,38,0.537,4011.0,3177,6920,0.459,647,1704,0.38,1253,1715,0.731,886,2573,3459,1909,1204.0,668,377,320,1675,1600,8254,104.0,1610612764
2014-15,Atlanta Hawks,82,60,22,0.732,3946.0,3121,6699,0.466,818,2152,0.38,1349,1735,0.778,715,2611,3326,2111,1167.0,744,380,404,1457,1611,8409,445.0,1610612737
2014-15,Boston Celtics,82,40,42,0.488,3976.0,3193,7211,0.443,660,2021,0.327,1266,1678,0.754,910,2685,3595,2009,1133.0,674,294,431,1738,1545,8312,13.0,1610612738
2014-15,Brooklyn Nets,82,38,44,0.463,3986.0,3069,6804,0.451,541,1633,0.331,1359,1817,0.748,846,2627,3473,1716,1133.0,576,340,372,1579,1641,8038,-236.0,1610612751
2014-15,Charlotte Hornets,82,33,49,0.402,3981.0,2913,6932,0.42,498,1566,0.318,1397,1867,0.748,820,2793,3613,1654,976.0,499,448,440,1494,1708,7721,-260.0,1610612766
2014-15,Chicago Bulls,82,50,32,0.61,3976.0,3001,6797,0.442,645,1825,0.353,1618,2067,0.783,959,2792,3751,1781,1145.0,514,476,443,1495,1736,8265,246.0,1610612741
2014-15,Cleveland Cavaliers,82,53,29,0.646,3956.0,3089,6739,0.458,826,2253,0.367,1453,1934,0.751,911,2612,3523,1814,1171.0,603,340,368,1510,1685,8457,367.0,1610612739
2014-15,Dallas Mavericks,82,50,32,0.61,3976.0,3255,7036,0.463,732,2082,0.352,1386,1843,0.752,858,2608,3466,1846,1062.0,663,371,314,1644,1816,8628,238.0,1610612742
2014-15,Denver Nuggets,82,30,52,0.366,3976.0,3099,7158,0.433,660,2032,0.325,1462,1991,0.734,1012,2653,3665,1788,1166.0,641,367,504,1882,1698,8320,-291.0,1610612743
2014-15,Detroit Pistons,82,32,50,0.39,3966.0,3041,7038,0.432,703,2043,0.344,1292,1838,0.703,1051,2630,3681,1771,1099.0,623,383,391,1559,1584,8077,-82.0,1610612765
2014-15,Golden State Warriors,82,67,15,0.817,3946.0,3410,7137,0.478,883,2217,0.398,1313,1709,0.768,853,2814,3667,2248,1185.0,762,496,293,1628,1541,9016,828.0,1610612744
2014-15,Houston Rockets,82,56,26,0.683,3961.0,3032,6832,0.444,933,2680,0.348,1525,2133,0.715,958,2624,3582,1820,1366.0,776,407,437,1803,1730,8522,282.0,1610612745
2014-15,Indiana Pacers,82,38,44,0.463,3971.0,2998,6824,0.439,612,1740,0.352,1373,1817,0.756,856,2822,3678,1757,1147.0,505,375,386,1742,1754,7981,23.0,1610612754
2014-15,Los Angeles Clippers,82,56,26,0.683,3946.0,3228,6830,0.473,827,2202,0.376,1468,2067,0.71,784,2711,3495,2031,1012.0,640,409,245,1749,1766,8751,540.0,1610612746
2014-15,Los Angeles Lakers,82,21,61,0.256,3986.0,3054,7020,0.435,532,1546,0.344,1433,1935,0.741,952,2647,3599,1715,1086.0,578,366,396,1741,1589,8073,-561.0,1610612747
2014-15,Memphis Grizzlies,82,55,27,0.671,3981.0,3097,6763,0.458,423,1246,0.339,1445,1869,0.773,856,2634,3490,1777,1094.0,700,347,424,1567,1662,8062,266.0,1610612763
2014-15,Miami Heat,82,37,45,0.451,3946.0,2885,6330,0.456,556,1659,0.335,1438,1940,0.741,747,2461,3208,1626,1214.0,642,372,359,1636,1715,7764,-213.0,1610612748
2014-15,Milwaukee Bucks,82,41,41,0.5,3986.0,3083,6722,0.459,545,1500,0.363,1312,1734,0.757,876,2574,3450,1932,1373.0,789,403,392,1814,1649,8023,35.0,1610612749
2014-15,Minnesota Timberwolves,82,16,66,0.195,3961.0,2986,6820,0.438,406,1223,0.332,1638,2110,0.776,949,2406,3355,1771,1231.0,668,327,449,1571,1751,8016,-721.0,1610612750
2014-15,New Orleans Pelicans,82,45,37,0.549,3956.0,3108,6795,0.457,586,1583,0.37,1345,1790,0.751,942,2621,3563,1806,1087.0,553,510,475,1530,1533,8147,65.0,1610612740
2014-15,New York Knicks,82,17,65,0.207,3971.0,2882,6726,0.428,560,1614,0.347,1211,1575,0.769,867,2443,3310,1746,1206.0,575,382,353,1768,1564,7535,-764.0,1610612752
2014-15,Oklahoma City Thunder,82,45,37,0.549,3966.0,3184,7119,0.447,632,1864,0.339,1524,2020,0.754,1052,2844,3896,1681,1205.0,598,454,377,1829,1675,8524,179.0,1610612760
2014-15,Orlando Magic,82,25,57,0.305,3951.0,3076,6792,0.453,554,1598,0.347,1141,1565,0.729,822,2607,3429,1692,1221.0,647,314,441,1714,1467,7847,-469.0,1610612753
2014-15,Philadelphia 76ers,82,18,64,0.22,3961.0,2765,6777,0.408,692,2160,0.32,1320,1953,0.676,978,2536,3514,1683,1453.0,789,487,454,1778,1657,7542,-736.0,1610612755
2014-15,Phoenix Suns,82,39,43,0.476,3976.0,3178,7038,0.452,698,2048,0.341,1343,1767,0.76,896,2643,3539,1659,1238.0,700,385,337,1744,1664,8397,-74.0,1610612756
2014-15,Portland Trail Blazers,82,51,31,0.622,3971.0,3175,7049,0.45,807,2231,0.362,1272,1589,0.801,879,2881,3760,1799,1117.0,525,372,297,1494,1534,8429,347.0,1610612757
2014-15,Sacramento Kings,82,29,53,0.354,3971.0,3010,6617,0.455,461,1350,0.341,1829,2400,0.762,895,2728,3623,1667,1333.0,550,324,508,1696,1958,8310,-304.0,1610612758
2014-15,San Antonio Spurs,82,55,27,0.671,3991.0,3208,6854,0.468,677,1847,0.367,1368,1754,0.78,806,2772,3578,2000,1146.0,657,444,362,1564,1613,8461,508.0,1610612759
2014-15,Toronto Raptors,82,49,33,0.598,3971.0,3108,6829,0.455,726,2060,0.352,1585,2014,0.787,881,2526,3407,1701,1057.0,615,357,413,1712,1668,8527,252.0,1610612761
2014-15,Utah Jazz,82,38,44,0.463,3941.0,2900,6492,0.447,610,1781,0.343,1391,1929,0.721,988,2617,3605,1632,1256.0,623,489,382,1583,1604,7801,18.0,1610612762
2014-15,Washington Wizards,82,46,36,0.561,3991.0,3139,6790,0.462,497,1381,0.36,1305,1758,0.742,862,2801,3663,1969,1233.0,601,378,350,1707,1610,8080,59.0,1610612764
2015-16,Atlanta Hawks,82,48,34,0.585,3966.0,3168,6923,0.458,815,2326,0.35,1282,1638,0.783,679,2772,3451,2100,1226.0,747,486,411,1570,1500,8433,296.0,1610612737
2015-16,Boston Celtics,82,48,34,0.585,3956.0,3216,7318,0.439,717,2142,0.335,1520,1929,0.788,950,2733,3683,1981,1127.0,752,348,450,1796,1718,8669,263.0,1610612738
2015-16,Brooklyn Nets,82,21,61,0.256,3951.0,3136,6920,0.453,531,1508,0.352,1286,1699,0.757,863,2614,3477,1829,1212.0,627,332,430,1476,1510,8089,-603.0,1610612751
2015-16,Charlotte Hornets,82,48,34,0.585,3971.0,3036,6922,0.439,873,2410,0.362,1534,1941,0.79,734,2869,3603,1778,1029.0,595,438,448,1487,1670,8479,223.0,1610612766
2015-16,Chicago Bulls,82,42,40,0.512,3981.0,3165,7170,0.441,651,1753,0.371,1354,1720,0.787,907,2889,3796,1870,1141.0,495,470,465,1545,1535,8335,-121.0,1610612741
2015-16,Cleveland Cavaliers,82,57,25,0.695,3971.0,3171,6888,0.46,880,2428,0.362,1333,1783,0.748,873,2777,3650,1861,1114.0,551,317,362,1666,1690,8555,492.0,1610612739
2015-16,Dallas Mavericks,82,42,40,0.512,4001.0,3064,6900,0.444,806,2342,0.344,1454,1831,0.794,751,2781,3532,1813,1047.0,560,306,363,1595,1757,8388,-25.0,1610612742
2015-16,Denver Nuggets,82,33,49,0.402,3966.0,3093,7003,0.442,656,1943,0.338,1513,1974,0.766,941,2718,3659,1858,1202.0,609,395,517,1723,1712,8355,-254.0,1610612743
2015-16,Detroit Pistons,82,44,38,0.537,3976.0,3111,7087,0.439,740,2148,0.345,1399,2095,0.668,1021,2777,3798,1594,1110.0,573,304,366,1557,1773,8361,50.0,1610612765
2015-16,Golden State Warriors,82,73,9,0.89,3976.0,3489,7159,0.487,1077,2592,0.416,1366,1790,0.763,816,2972,3788,2373,1245.0,689,498,336,1701,1627,9421,882.0,1610612744
2015-16,Houston Rockets,82,41,41,0.5,3966.0,3094,6847,0.452,878,2533,0.347,1671,2407,0.694,930,2601,3531,1821,1307.0,821,430,404,1790,1847,8737,16.0,1610612745
2015-16,Indiana Pacers,82,45,37,0.549,3976.0,3142,6985,0.45,663,1889,0.351,1430,1872,0.764,847,2779,3626,1741,1219.0,742,391,366,1641,1676,8377,140.0,1610612754
2015-16,Los Angeles Clippers,82,53,29,0.646,3966.0,3141,6759,0.465,797,2190,0.364,1490,2152,0.692,721,2727,3448,1873,1063.0,709,460,259,1746,1842,8569,351.0,1610612746
2015-16,Los Angeles Lakers,82,17,65,0.207,3946.0,2880,6956,0.414,639,2016,0.317,1583,2028,0.781,878,2645,3523,1478,1124.0,593,337,458,1662,1573,7982,-784.0,1610612747
2015-16,Memphis Grizzlies,82,42,40,0.512,3966.0,3019,6859,0.44,504,1521,0.331,1584,2024,0.783,916,2497,3413,1697,1090.0,724,350,469,1783,1732,8126,-184.0,1610612763
2015-16,Miami Heat,82,48,34,0.585,3966.0,3150,6697,0.47,498,1480,0.336,1405,1887,0.745,807,2811,3618,1709,1155.0,553,531,337,1502,1608,8203,135.0,1610612748
2015-16,Milwaukee Bucks,82,33,49,0.402,3966.0,3145,6740,0.467,440,1277,0.345,1391,1859,0.748,858,2559,3417,1895,1247.0,672,475,462,1695,1600,8121,-343.0,1610612749
2015-16,Minnesota Timberwolves,82,29,53,0.354,3976.0,3095,6668,0.464,455,1347,0.338,1753,2213,0.792,821,2587,3408,1916,1231.0,656,375,427,1696,1768,8398,-290.0,1610612750
2015-16,New Orleans Pelicans,82,30,52,0.366,3956.0,3153,7040,0.448,702,1951,0.36,1415,1823,0.776,782,2712,3494,1818,1102.0,633,342,423,1713,1630,8423,-311.0,1610612740
2015-16,New York Knicks,82,32,50,0.39,3961.0,3022,6886,0.439,610,1762,0.346,1411,1753,0.805,850,2788,3638,1682,1099.0,467,466,343,1616,1520,8065,-224.0,1610612752
2015-16,Oklahoma City Thunder,82,55,27,0.671,3966.0,3372,7082,0.476,678,1945,0.349,1616,2067,0.782,1071,2916,3987,1883,1305.0,603,487,373,1691,1653,9038,597.0,1610612760
2015-16,Orlando Magic,82,35,47,0.427,3981.0,3242,7120,0.455,636,1818,0.35,1249,1649,0.757,843,2709,3552,1933,1155.0,673,417,448,1701,1497,8369,-133.0,1610612753
2015-16,Philadelphia 76ers,82,10,72,0.122,3961.0,2970,6887,0.431,764,2255,0.339,1284,1850,0.694,777,2605,3382,1765,1343.0,680,495,466,1780,1571,7988,-839.0,1610612755
2015-16,Phoenix Suns,82,23,59,0.28,3941.0,3051,7018,0.435,738,2118,0.348,1431,1905,0.751,943,2733,3676,1701,1410.0,632,313,449,1858,1770,8271,-546.0,1610612756
2015-16,Portland Trail Blazers,82,44,38,0.537,3961.0,3167,7040,0.45,864,2336,0.37,1424,1889,0.754,948,2782,3730,1748,1200.0,562,380,424,1782,1597,8622,68.0,1610612757
2015-16,Sacramento Kings,82,33,49,0.402,3961.0,3283,7083,0.464,660,1839,0.359,1514,2089,0.725,868,2760,3628,2009,1326.0,733,368,437,1676,1800,8740,-203.0,1610612758
2015-16,San Antonio Spurs,82,67,15,0.817,3941.0,3289,6797,0.484,570,1518,0.375,1342,1672,0.803,770,2831,3601,2010,1071.0,677,485,317,1433,1597,8490,872.0,1610612759
2015-16,Toronto Raptors,82,56,26,0.683,3956.0,3006,6669,0.451,708,1914,0.37,1702,2190,0.777,836,2724,3560,1536,1073.0,636,449,442,1610,1801,8422,369.0,1610612761
2015-16,Utah Jazz,82,40,42,0.488,3991.0,2957,6593,0.449,694,1956,0.355,1402,1885,0.744,880,2665,3545,1554,1224.0,631,425,385,1655,1629,8010,147.0,1610612762
2015-16,Washington Wizards,82,41,41,0.5,3951.0,3238,7033,0.46,709,1983,0.358,1349,1849,0.73,743,2688,3431,2005,1186.0,708,323,356,1708,1651,8534,-41.0,1610612764
